IPO_ID,Snapshot,Recorded_At,Retail_Sub,HNI_Sub,QIB_Sub,Total_Sub,GMP,Listing_Price,Notes
1,pre-apply,2026-09-16 00:50:58,,,,,0,,auto-fetched
2,pre-apply,2026-09-16 00:50:58,,,,,0,,auto-fetched
3,pre-apply,2026-09-16 00:50:58,,,,,208,,auto-fetched
4,day1,2026-09-16 00:50:58,,,,,24,,auto-fetched
5,day1,2026-09-16 00:50:58,,,,,140,,auto-fetched
6,day1,2026-09-16 00:50:58,,,,,27,,auto-fetched
7,day3,2026-09-16 00:50:58,12.16,11.3,0.82,8.74,11,,auto-fetched
8,final,2026-09-16 00:50:58,9.95,19.41,19.13,14.6,20,,auto-fetched
9,final,2026-09-16 00:50:58,3.39,15.69,52.65,20.1,17,,auto-fetched
10,final,2026-09-16 00:50:58,26.34,64.91,78.73,49.57,64,,auto-fetched
11,final,2026-09-16 00:50:58,13.98,51.17,168.19,66.01,71,,auto-fetched
12,final,2026-09-16 00:50:58,2.19,1.22,1.26,1.42,1,,auto-fetched
13,final,2026-09-16 00:50:58,15.62,67.93,177.29,72.89,160,,auto-fetched
14,final,2026-09-16 00:50:58,17.78,46.6,46.19,32.07,24,,auto-fetched
15,final,2026-09-16 00:50:58,1.79,1.89,7.59,3.47,0,,auto-fetched
16,final,2026-09-16 00:50:58,33.18,79.71,167.93,81.65,52,,auto-fetched
17,final,2026-09-16 00:50:58,20.51,87.74,215.37,90.59,241,,auto-fetched
18,final,2026-09-16 00:50:58,45.31,217.73,268.54,126.34,50,,auto-fetched
19,pre-apply,2026-09-16 00:50:58,,,,,0,,auto-fetched
20,pre-apply,2026-09-16 00:50:58,,,,,45,,auto-fetched
21,pre-apply,2026-09-16 00:50:58,,,,,0,,auto-fetched
22,pre-apply,2026-09-16 00:50:58,,,,,0,,auto-fetched
23,pre-apply,2026-09-16 00:50:58,,,,,44,,auto-fetched
24,pre-apply,2026-09-16 00:50:58,,,,,0,,auto-fetched
25,day2,2026-09-16 00:50:58,0.01,0.01,0.0,0.01,10,,auto-fetched
26,day2,2026-09-16 00:50:58,0.11,1.51,0.0,0.64,0,,auto-fetched
27,day2,2026-09-16 00:50:58,0.04,0.0,0.0,0.02,0,,auto-fetched
28,day3,2026-09-16 00:50:58,0.84,0.8,1.02,0.85,0,,auto-fetched
29,day3,2026-09-16 00:50:58,0.58,0.73,3.51,1.45,0,,auto-fetched
30,final,2026-09-16 00:50:58,2.42,0.39,0.0,1.4,21,,auto-fetched
31,final,2026-09-16 00:50:58,,,,,45,,auto-fetched
32,final,2026-09-16 00:50:58,0.56,1.04,5.17,1.98,0,,auto-fetched
33,final,2026-09-16 00:50:58,28.66,60.46,70.51,47.43,61,,auto-fetched
34,final,2026-09-16 00:50:58,2.91,0.3,0.0,1.6,1,,auto-fetched
35,final,2026-09-16 00:50:58,1.9,1.39,0.0,2.05,0,,auto-fetched
36,final,2026-09-16 00:50:58,28.93,32.32,15.07,25.7,7,,auto-fetched
37,final,2026-09-16 00:50:58,2.23,0.28,0.0,1.26,0,,auto-fetched
38,final,2026-09-16 00:50:58,19.65,40.32,48.82,32.41,,,auto-fetched
39,final,2026-09-16 00:50:58,447.13,699.59,299.6,459.22,,,auto-fetched
40,final,2026-09-16 00:50:58,3.65,0.58,0.0,2.12,,,auto-fetched
41,final,2026-09-16 00:50:58,0.59,1.73,0.0,1.16,,,auto-fetched
42,pre-apply,2026-09-16 00:50:58,99.16,200.85,143.93,144.65,,,auto-fetched
43,pre-apply,2026-09-16 00:50:58,20.76,42.41,4.31,20.79,,,auto-fetched
44,pre-apply,2026-09-16 00:50:58,125.72,195.53,130.97,142.17,,,auto-fetched
45,pre-apply,2026-09-16 00:50:58,372.61,286.73,83.89,789.07,,,auto-fetched
46,pre-apply,2026-09-16 00:50:58,1.57,2.66,7.34,3.45,,,auto-fetched
47,final,2026-09-16 00:50:58,311.83,318.11,224.32,288.23,,,auto-fetched
48,final,2026-09-16 00:50:58,158.88,270.67,121.28,162.88,,,auto-fetched
49,final,2026-09-16 00:50:58,2.3,0.74,1.01,1.5,,,auto-fetched
50,final,2026-09-16 00:50:58,1.69,0.29,8.37,1.44,,,auto-fetched
51,final,2026-09-16 00:50:58,3.08,0.24,1.0,1.65,,,auto-fetched
52,final,2026-09-16 00:50:58,2.91,0.27,0.0,1.59,,,auto-fetched
53,final,2026-09-16 00:50:58,176.05,311.97,169.54,203.36,,,auto-fetched
54,final,2026-09-16 00:50:58,11.01,22.89,9.44,13.11,,,auto-fetched
55,final,2026-09-16 00:50:58,3.36,0.72,1.06,2.04,,,auto-fetched
56,final,2026-09-16 00:50:58,138.86,216.97,130.4,153.13,,,auto-fetched
57,final,2026-09-16 00:50:58,2.64,0.2,0.0,1.42,,,auto-fetched
58,final,2026-09-16 00:50:58,3.49,4.96,3.66,3.87,,,auto-fetched
59,final,2026-09-16 00:50:58,2.62,2.17,0.0,2.4,,,auto-fetched
60,final,2026-09-16 00:50:58,1.37,1.06,22.74,1.48,,,auto-fetched
61,final,2026-09-16 00:50:58,2.26,1.85,1.84,2.05,,,auto-fetched
62,final,2026-09-16 00:50:58,387.66,433.25,200.23,344.25,,,auto-fetched
63,final,2026-09-16 00:50:58,25.59,48.05,23.88,29.91,,,auto-fetched
64,final,2026-09-16 00:50:58,104.22,233.36,164.56,149.13,,,auto-fetched
65,final,2026-09-16 00:50:58,168.69,272.79,91.55,169.26,,,auto-fetched
66,final,2026-09-16 00:50:58,1.8,1.47,1.0,1.5,,,auto-fetched
67,final,2026-09-16 00:50:58,1.84,2.4,1.05,1.73,,,auto-fetched
68,final,2026-09-16 00:50:58,40.36,75.35,56.38,49.99,,,auto-fetched
69,final,2026-09-16 00:50:58,6.74,11.83,2.81,6.65,,,auto-fetched
70,final,2026-09-16 00:50:58,247.58,463.43,206.46,278.83,,,auto-fetched
71,final,2026-09-16 00:50:58,1.77,1.38,1.37,1.53,,,auto-fetched
72,final,2026-09-16 00:50:58,2.68,0.43,0.0,1.55,,,auto-fetched
73,final,2026-09-16 00:50:58,1.41,3.19,1.81,1.91,,,auto-fetched
74,final,2026-09-16 00:50:58,228.24,249.47,113.55,200.34,,,auto-fetched
75,final,2026-09-16 00:50:58,7.0,17.07,4.58,8.47,,,auto-fetched
76,final,2026-09-16 00:50:58,18.83,2.86,0.0,10.85,,,auto-fetched
77,final,2026-09-16 00:50:58,3.78,6.05,2.82,3.99,,,auto-fetched
78,final,2026-09-16 00:50:58,216.6,260.37,194.05,219.54,,,auto-fetched
79,final,2026-09-16 00:50:58,73.25,113.6,59.01,77.81,,,auto-fetched
80,final,2026-09-16 00:50:58,244.08,261.22,168.56,220.35,,,auto-fetched
81,final,2026-09-16 00:50:58,372.5,764.38,241.75,420.09,,,auto-fetched
82,final,2026-09-16 00:50:58,0.32,1.81,0.0,1.37,,,auto-fetched
83,final,2026-09-16 00:50:58,2.18,0.8,1.0,1.62,,,auto-fetched
84,final,2026-09-16 00:50:58,1.52,4.08,17.19,3.62,,,auto-fetched
85,final,2026-09-16 00:50:58,4.65,10.11,1.55,4.95,,,auto-fetched
86,final,2026-09-16 00:50:58,218.48,324.64,145.82,220.71,,,auto-fetched
87,final,2026-09-16 00:50:58,11.3,18.97,3.58,10.74,,,auto-fetched
88,final,2026-09-16 00:50:58,0.84,1.41,22.47,1.35,,,auto-fetched
89,final,2026-09-16 00:50:58,1.26,1.08,4.75,1.21,,,auto-fetched
90,final,2026-09-16 00:50:58,0.22,1.57,0.0,0.93,,,auto-fetched
91,final,2026-09-16 00:50:58,5.71,14.58,2.51,6.7,,,auto-fetched
92,final,2026-09-16 00:50:58,2.6,2.49,1.23,2.18,,,auto-fetched
93,final,2026-09-16 00:50:58,0.44,0.09,20.33,1.32,,,auto-fetched
94,final,2026-09-16 00:50:58,401.21,597.23,196.77,385.24,,,auto-fetched
95,final,2026-09-16 00:50:58,71.76,153.95,119.19,103.06,,,auto-fetched
96,final,2026-09-16 00:50:58,3.14,2.63,0.0,2.88,,,auto-fetched
97,final,2026-09-16 00:50:58,0.84,5.1,20.32,2.7,,,auto-fetched
98,final,2026-09-16 00:50:58,2.97,0.85,0.0,1.91,,,auto-fetched
99,final,2026-09-16 00:50:58,308.3,450.74,186.72,304.11,,,auto-fetched
100,final,2026-09-16 00:50:58,207.56,336.0,142.65,216.63,,,auto-fetched
101,final,2026-09-16 00:50:58,2.1,0.89,1.12,1.6,,,auto-fetched
102,final,2026-09-16 00:50:58,12.59,30.91,17.58,16.99,,,auto-fetched
103,final,2026-09-16 00:50:58,3.86,0.86,1.0,2.36,,,auto-fetched
104,final,2026-09-16 00:50:58,100.18,74.08,0.0,87.17,,,auto-fetched
105,final,2026-09-16 00:50:58,297.67,476.59,224.91,315.36,,,auto-fetched
106,final,2026-09-16 00:50:58,2.42,0.45,0.0,1.43,,,auto-fetched
107,final,2026-09-16 00:50:58,168.63,393.63,122.04,203.74,,,auto-fetched
108,final,2026-09-16 00:50:58,0.3,1.0,5.41,1.09,,,auto-fetched
109,final,2026-09-16 00:50:58,1.76,3.4,0.0,5.64,,,auto-fetched
110,final,2026-09-16 00:50:58,2.09,1.88,1.0,1.74,,,auto-fetched
111,final,2026-09-16 00:50:58,71.44,145.98,123.94,102.42,,,auto-fetched
113,final,2026-09-16 00:50:58,2.92,1.3,15.94,2.26,,,auto-fetched
114,final,2026-09-16 00:50:58,27.79,63.93,26.46,35.15,,,auto-fetched
115,final,2026-09-16 00:50:58,0.66,0.7,21.33,1.12,,,auto-fetched
116,final,2026-09-16 00:50:58,0.38,12.05,3.58,6.27,,,auto-fetched
117,final,2026-09-16 00:50:58,2.8,0.34,1.0,1.57,,,auto-fetched
118,final,2026-09-16 00:50:58,11.34,24.12,124.39,21.47,,,auto-fetched
120,final,2026-09-16 00:50:58,70.89,81.54,101.08,80.87,,,auto-fetched
121,final,2026-09-16 00:50:58,216.64,404.76,137.99,234.63,,,auto-fetched
122,final,2026-09-16 00:50:58,0.77,1.24,17.0,1.2,,,auto-fetched
123,final,2026-09-16 00:50:58,0.7,1.47,1.75,1.19,,,auto-fetched
124,final,2026-09-16 00:50:58,47.27,120.16,98.23,77.45,,,auto-fetched
125,final,2026-09-16 00:50:58,37.41,79.38,32.5,44.91,,,auto-fetched
126,final,2026-09-16 00:50:58,0.76,2.45,1.31,1.28,,,auto-fetched
127,final,2026-09-16 00:50:58,3.74,4.96,1.02,3.22,,,auto-fetched
128,final,2026-09-16 00:50:58,0.36,1.5,1.95,1.06,,,auto-fetched
129,final,2026-09-16 00:50:58,185.1,362.12,81.95,193.91,,,auto-fetched
130,final,2026-09-16 00:50:58,0.66,2.12,3.2,1.7,,,auto-fetched
131,final,2026-09-16 00:50:58,0.85,1.88,96.24,2.27,,,auto-fetched
132,final,2026-09-16 00:50:58,1.82,1.17,1.38,1.55,,,auto-fetched
133,final,2026-09-16 00:50:58,100.24,236.61,99.96,129.33,,,auto-fetched
134,final,2026-09-16 00:50:58,0.69,1.57,1.13,1.13,,,auto-fetched
135,final,2026-09-16 00:50:58,0.59,2.12,0.0,1.35,,,auto-fetched
136,final,2026-09-16 00:50:58,1.15,1.56,1.0,1.14,,,auto-fetched
137,final,2026-09-16 00:50:58,0.63,1.58,2.03,1.24,,,auto-fetched
138,final,2026-09-16 00:50:58,1.61,5.05,8.29,4.26,,,auto-fetched
139,final,2026-09-16 00:50:58,2.43,1.16,14.98,2.05,,,auto-fetched
140,final,2026-09-16 00:50:58,367.59,606.02,153.01,357.37,,,auto-fetched
141,final,2026-09-16 00:50:58,96.52,175.72,49.16,100.07,,,auto-fetched
142,final,2026-09-16 00:50:58,5.88,12.49,2.24,6.25,,,auto-fetched
143,final,2026-09-16 00:50:58,2.35,0.39,0.0,1.37,,,auto-fetched
144,final,2026-09-16 00:50:58,4.09,7.91,5.95,5.44,,,auto-fetched
145,final,2026-09-16 00:50:58,16.51,41.0,2.92,17.94,,,auto-fetched
146,final,2026-09-16 00:50:58,8.99,25.41,6.57,11.85,,,auto-fetched
147,final,2026-09-16 00:50:58,20.8,24.49,21.05,22.33,,,auto-fetched
148,final,2026-09-16 00:50:58,93.11,202.98,85.24,114.47,,,auto-fetched
149,final,2026-09-16 00:50:58,15.74,37.57,11.32,19.16,,,auto-fetched
150,pre-apply,2026-09-16 00:50:58,2.12,1.52,1.12,1.63,,,auto-fetched
151,final,2026-09-16 00:50:58,1.86,0.23,0.0,1.04,,,auto-fetched
152,final,2026-09-16 00:50:58,133.16,308.23,117.97,166.72,,,auto-fetched
153,final,2026-09-16 00:50:58,2.19,2.08,1.01,1.83,,,auto-fetched
154,final,2026-09-16 00:50:58,16.49,38.88,4.0,17.75,,,auto-fetched
155,final,2026-09-16 00:50:58,1.62,1.98,1.08,1.54,,,auto-fetched
156,final,2026-09-16 00:50:58,3.73,9.3,3.33,5.43,,,auto-fetched
157,final,2026-09-16 00:50:58,54.21,135.37,63.31,74.27,,,auto-fetched
158,final,2026-09-16 00:50:58,1.08,0.42,1.6,1.1,,,auto-fetched
159,final,2026-09-16 00:50:58,2.88,1.24,1.0,2.21,,,auto-fetched
160,final,2026-09-16 00:50:58,2.58,1.08,1.0,1.82,,,auto-fetched
161,final,2026-09-16 00:50:58,14.1,24.67,14.69,16.53,,,auto-fetched
162,final,2026-09-16 00:50:58,96.13,164.59,94.94,110.49,,,auto-fetched
163,final,2026-09-16 00:50:58,0.44,1.92,0.0,1.25,,,auto-fetched
164,final,2026-09-16 00:50:58,137.52,219.02,54.97,131.82,,,auto-fetched
165,final,2026-09-16 00:50:58,101.28,160.95,71.09,105.54,,,auto-fetched
166,final,2026-09-16 00:50:58,0.99,0.91,0.0,0.95,,,auto-fetched
167,final,2026-09-16 00:50:58,1.51,0.91,1.03,1.33,,,auto-fetched
4,pre-apply,2026-09-16 01:09:23,,,,,24,,history-prefill
5,pre-apply,2026-09-16 01:09:23,,,,,140,,history-prefill
6,pre-apply,2026-09-16 01:09:23,,,,,27,,history-prefill
7,pre-apply,2026-09-16 01:09:23,,,,,13,,history-prefill
7,day1,2026-09-16 01:09:23,2.24,1.26,0.36,1.49,13,,history-prefill
7,day2,2026-09-16 01:09:23,12.16,11.30,0.82,8.74,10,,history-prefill
8,pre-apply,2026-09-16 01:09:23,,,,,30,,history-prefill
8,day3,2026-09-16 01:09:23,9.95,19.41,19.13,14.60,20,,history-prefill
8,day1,2026-09-16 01:09:23,0.89,0.42,0.48,0.67,24,,history-prefill
8,day2,2026-09-16 01:09:23,1.78,1.01,0.49,1.25,24,,history-prefill
9,pre-apply,2026-09-16 01:09:23,,,,,27,,history-prefill
9,day1,2026-09-16 01:09:23,0.56,0.33,0.09,0.38,27,,history-prefill
9,day3,2026-09-16 01:09:23,3.39,15.69,52.65,20.10,14,,history-prefill
9,day2,2026-09-16 01:09:23,1.24,1.03,0.10,0.87,24,,history-prefill
10,pre-apply,2026-09-16 01:09:23,,,,,25,,history-prefill
10,day1,2026-09-16 01:09:23,1.30,1.77,1.14,1.35,33,,history-prefill
10,day3,2026-09-16 01:09:23,26.34,64.91,78.73,49.57,50,,history-prefill
10,day2,2026-09-16 01:09:23,4.84,5.49,1.16,3.93,45,,history-prefill
11,pre-apply,2026-09-16 01:09:23,,,,,65,,history-prefill
11,day1,2026-09-16 01:09:23,1.13,1.90,1.26,1.34,69,,history-prefill
11,day3,2026-09-16 01:09:23,13.98,51.17,168.19,66.01,69,,history-prefill
11,day2,2026-09-16 01:09:23,3.46,6.49,2.40,3.80,75,,history-prefill
12,pre-apply,2026-09-16 01:09:23,,,,,38,,history-prefill
12,day1,2026-09-16 01:09:23,0.73,0.13,0.00,0.17,38,,history-prefill
12,day3,2026-09-16 01:09:23,2.19,1.22,1.26,1.42,8,,history-prefill
12,day2,2026-09-16 01:09:23,1.22,0.24,0.03,0.31,8,,history-prefill
13,pre-apply,2026-09-16 01:09:23,,,,,125,,history-prefill
13,day1,2026-09-16 01:09:23,1.55,2.46,0.41,1.42,135,,history-prefill
13,day3,2026-09-16 01:09:23,15.62,67.93,177.29,72.89,138,,history-prefill
13,day2,2026-09-16 01:09:23,4.20,11.60,0.45,4.71,144,,history-prefill
14,pre-apply,2026-09-16 01:09:23,,,,,15,,history-prefill
14,day1,2026-09-16 01:09:23,0.74,0.32,0.00,0.44,18,,history-prefill
14,day3,2026-09-16 01:09:23,17.78,46.60,46.19,32.07,22,,history-prefill
14,day2,2026-09-16 01:09:23,2.77,2.11,1.70,2.32,20,,history-prefill
15,pre-apply,2026-09-16 01:09:23,,,,,120,,history-prefill
15,day3,2026-09-16 01:09:23,1.79,1.89,7.59,3.47,40,,history-prefill
15,day1,2026-09-16 01:09:23,0.73,0.33,0.00,0.44,40,,history-prefill
15,day2,2026-09-16 01:09:23,1.19,0.69,0.06,0.76,40,,history-prefill
16,pre-apply,2026-09-16 01:09:23,,,,,35,,history-prefill
16,day1,2026-09-16 01:09:23,3.79,3.03,0.01,2.54,55,,history-prefill
16,day3,2026-09-16 01:09:23,33.18,79.71,167.93,81.65,66,,history-prefill
16,day2,2026-09-16 01:09:23,10.96,12.41,0.30,8.23,55,,history-prefill
17,pre-apply,2026-09-16 01:09:23,,,,,205,,history-prefill
17,day1,2026-09-16 01:09:23,2.87,3.66,0.02,2.22,210,,history-prefill
17,day3,2026-09-16 01:09:23,20.51,87.74,215.37,90.59,224,,history-prefill
17,day2,2026-09-16 01:09:23,8.49,19.22,6.50,10.22,218,,history-prefill
18,pre-apply,2026-09-16 01:09:23,,,,,31,,history-prefill
18,day1,2026-09-16 01:09:23,6.09,11.12,0.90,5.99,44,,history-prefill
18,day3,2026-09-16 01:09:23,45.31,217.73,268.54,126.34,44,,history-prefill
18,day2,2026-09-16 01:09:23,16.56,45.80,1.04,19.06,44,,history-prefill
25,day3,2026-09-16 01:09:23,0.00,0.00,0.00,0.00,,,history-prefill
25,day1,2026-09-16 01:09:23,0.01,0.01,0.00,0.01,10,,history-prefill
26,day3,2026-09-16 01:09:23,0.00,0.00,0.00,0.00,,,history-prefill
26,day1,2026-09-16 01:09:23,0.11,1.51,0.00,0.64,,,history-prefill
26,day2,2026-09-16 01:09:23,0.00,0.00,0.00,0.00,,,history-prefill
27,day3,2026-09-16 01:09:23,0.00,0.00,,0.00,,,history-prefill
27,day1,2026-09-16 01:09:23,0.04,0.00,,0.02,,,history-prefill
27,day2,2026-09-16 01:09:23,0.00,0.00,,0.00,,,history-prefill
28,day3,2026-09-16 01:09:23,0.00,0.00,0.00,0.00,,,history-prefill
28,day1,2026-09-16 01:09:23,0.26,0.08,1.02,0.29,,,history-prefill
28,day2,2026-09-16 01:09:23,0.84,0.80,1.02,0.85,,,history-prefill
29,day3,2026-09-16 01:09:23,0.00,0.00,0.00,0.00,,,history-prefill
29,day1,2026-09-16 01:09:23,0.12,0.41,3.51,1.15,,,history-prefill
29,day2,2026-09-16 01:09:23,1.45,0.73,3.51,1.45,,,history-prefill
30,day3,2026-09-16 01:09:23,2.42,0.39,,1.40,21,,history-prefill
30,day1,2026-09-16 01:09:23,0.02,0.00,,0.01,,,history-prefill
30,day2,2026-09-16 01:09:23,0.07,0.00,,0.04,,,history-prefill
32,day3,2026-09-16 01:09:23,0.62,1.07,5.37,2.07,,,history-prefill
32,day1,2026-09-16 01:09:23,0.04,0.40,1.81,0.62,,,history-prefill
32,day2,2026-09-16 01:09:23,0.10,0.05,3.11,0.95,,,history-prefill
33,pre-apply,2026-09-16 01:09:23,,,,,25,,history-prefill
33,day3,2026-09-16 01:09:23,28.66,60.46,70.51,47.43,61,,history-prefill
33,day1,2026-09-16 01:09:23,0.13,0.41,1.17,0.49,25,,history-prefill
33,day2,2026-09-16 01:09:23,0.35,0.16,3.87,1.31,28,,history-prefill
34,pre-apply,2026-09-16 01:09:23,,,,,8,,history-prefill
34,day1,2026-09-16 01:09:23,0.09,0.00,,0.05,8,,history-prefill
34,day3,2026-09-16 01:09:23,2.91,0.30,,1.60,20,,history-prefill
34,day2,2026-09-16 01:09:23,1.10,0.07,,0.58,20,,history-prefill
35,day3,2026-09-16 01:09:23,1.90,1.39,,2.05,,,history-prefill
35,day1,2026-09-16 01:09:23,0.16,0.01,,0.08,,,history-prefill
35,day2,2026-09-16 01:09:23,0.39,0.03,,0.21,,,history-prefill
36,pre-apply,2026-09-16 01:09:23,,,,,6,,history-prefill
36,day1,2026-09-16 01:09:23,0.79,2.14,1.00,1.14,6,,history-prefill
36,day3,2026-09-16 01:09:23,28.93,32.32,15.07,25.70,11,,history-prefill
36,day2,2026-09-16 01:09:23,3.58,3.47,1.00,2.82,11,,history-prefill
37,final,2026-09-16 01:09:23,,,,,1,,history-prefill
37,day3,2026-09-16 01:09:23,2.23,0.28,,1.26,10,,history-prefill
37,day1,2026-09-16 01:09:23,0.40,0.02,,0.21,3,,history-prefill
37,day2,2026-09-16 01:09:23,1.13,0.10,,0.62,10,,history-prefill
38,pre-apply,2026-09-16 01:09:23,,,,,30,,history-prefill
38,day3,2026-09-16 01:09:23,19.65,40.32,48.82,32.41,45,,history-prefill
38,day1,2026-09-16 01:09:23,0.22,0.85,0.00,0.29,30,,history-prefill
38,day2,2026-09-16 01:09:23,0.56,0.80,0.10,0.48,30,,history-prefill
39,pre-apply,2026-09-16 01:09:23,,,,,55,,history-prefill
39,day1,2026-09-16 01:09:23,18.99,13.76,4.10,13.62,55,,history-prefill
39,final,2026-09-16 01:09:23,,,,,76,,history-prefill
39,day3,2026-09-16 01:09:23,447.13,699.59,299.60,459.22,59,,history-prefill
39,day2,2026-09-16 01:09:23,119.63,135.49,5.75,90.55,,,history-prefill
41,final,2026-09-16 01:09:23,,,,,57,,history-prefill
41,day3,2026-09-16 01:09:23,0.59,1.73,,1.16,,,history-prefill
41,day1,2026-09-16 01:09:23,0.01,0.01,,0.01,,,history-prefill
41,day2,2026-09-16 01:09:23,0.10,0.02,,0.06,,,history-prefill
47,pre-apply,2026-09-16 01:09:23,,,,,64,,history-prefill
47,day1,2026-09-16 01:09:23,13.17,4.29,0.00,7.51,64,,history-prefill
47,final,2026-09-16 01:09:23,,,,,78,,history-prefill
47,day3,2026-09-16 01:09:23,311.83,318.11,224.32,288.23,70,,history-prefill
47,day2,2026-09-16 01:09:23,36.23,11.88,0.00,20.67,64,,history-prefill
48,pre-apply,2026-09-16 01:09:23,,,,,32,,history-prefill
48,day1,2026-09-16 01:09:23,5.64,2.26,0.00,3.17,32,,history-prefill
48,final,2026-09-16 01:09:23,,,,,22,,history-prefill
48,day3,2026-09-16 01:09:23,34.52,18.66,2.22,20.73,35,,history-prefill
48,day2,2026-09-16 01:09:23,17.44,6.67,0.00,9.63,35,,history-prefill
49,day3,2026-09-16 01:09:23,1.10,0.28,1.01,0.70,,,history-prefill
49,day1,2026-09-16 01:09:23,0.24,0.32,0.99,0.31,,,history-prefill
49,day2,2026-09-16 01:09:23,0.55,0.23,1.01,0.42,,,history-prefill
50,day3,2026-09-16 01:09:23,0.94,0.67,8.37,0.94,,,history-prefill
50,day1,2026-09-16 01:09:23,0.32,0.27,3.45,0.36,,,history-prefill
50,day2,2026-09-16 01:09:23,0.63,0.45,8.37,0.79,,,history-prefill
51,final,2026-09-16 01:09:23,,,,,1,,history-prefill
51,day3,2026-09-16 01:09:23,0.00,0.00,0.00,0.00,5,,history-prefill
51,day1,2026-09-16 01:09:23,0.00,0.00,0.00,0.00,,,history-prefill
51,day2,2026-09-16 01:09:23,0.00,0.00,0.00,0.00,8,,history-prefill
52,pre-apply,2026-09-16 01:09:23,,,,,18,,history-prefill
52,day1,2026-09-16 01:09:23,1.44,0.12,,0.78,22,,history-prefill
52,final,2026-09-16 01:09:23,,,,,1,,history-prefill
52,day3,2026-09-16 01:09:23,2.91,0.27,,1.59,1,,history-prefill
52,day2,2026-09-16 01:09:23,2.09,0.06,,1.07,,,history-prefill
54,final,2026-09-16 01:09:23,,,,,4,,history-prefill
54,day3,2026-09-16 01:09:23,11.01,22.89,9.44,13.11,,,history-prefill
54,day1,2026-09-16 01:09:23,0.31,2.22,0.00,0.63,,,history-prefill
54,day2,2026-09-16 01:09:23,1.24,2.47,1.00,1.43,,,history-prefill
55,final,2026-09-16 01:09:23,,,,,2,,history-prefill
55,day3,2026-09-16 01:09:23,3.36,0.72,1.06,2.04,2,,history-prefill
55,day1,2026-09-16 01:09:23,0.70,0.21,0.00,0.45,13,,history-prefill
55,day2,2026-09-16 01:09:23,1.62,0.24,1.06,0.94,,,history-prefill
57,pre-apply,2026-09-16 01:09:23,,,,,15,,history-prefill
57,day3,2026-09-16 01:09:23,2.64,0.20,,1.42,,,history-prefill
57,day1,2026-09-16 01:09:23,1.19,0.07,,0.63,,,history-prefill
57,day2,2026-09-16 01:09:23,1.79,0.09,,0.94,6,,history-prefill
58,day3,2026-09-16 01:09:23,3.49,4.96,3.66,3.87,,,history-prefill
58,day1,2026-09-16 01:09:23,0.39,0.23,1.81,0.75,,,history-prefill
58,day2,2026-09-16 01:09:23,0.71,0.21,1.81,0.91,,,history-prefill
59,day3,2026-09-16 01:09:23,2.62,2.17,,2.40,,,history-prefill
59,day1,2026-09-16 01:09:23,0.03,0.00,,0.02,,,history-prefill
59,day2,2026-09-16 01:09:23,0.17,0.03,,0.10,,,history-prefill
60,day3,2026-09-16 01:09:23,0.37,0.45,1.22,0.41,,,history-prefill
60,day1,2026-09-16 01:09:23,0.07,0.00,1.00,0.05,,,history-prefill
60,day2,2026-09-16 01:09:23,0.17,0.02,1.00,0.12,,,history-prefill
61,final,2026-09-16 01:09:23,,,,,5,,history-prefill
61,day3,2026-09-16 01:09:23,2.26,1.85,1.84,2.05,5,,history-prefill
61,day1,2026-09-16 01:09:23,0.55,0.77,1.02,0.73,5,,history-prefill
61,day2,2026-09-16 01:09:23,0.87,0.21,1.02,0.77,5,,history-prefill
62,pre-apply,2026-09-16 01:09:23,,,,,28,,history-prefill
62,day1,2026-09-16 01:09:23,7.12,4.21,0.00,4.46,30,,history-prefill
62,final,2026-09-16 01:09:23,,,,,50,,history-prefill
62,day3,2026-09-16 01:09:23,387.66,433.25,200.23,344.25,37,,history-prefill
62,day2,2026-09-16 01:09:23,47.53,30.78,3.56,31.41,32,,history-prefill
63,final,2026-09-16 01:09:23,,,,,12,,history-prefill
63,day3,2026-09-16 01:09:23,25.59,48.05,23.88,29.91,,,history-prefill
63,day1,2026-09-16 01:09:23,0.65,0.27,0.00,0.38,,,history-prefill
63,day2,2026-09-16 01:09:23,2.35,2.37,0.74,1.89,,,history-prefill
69,pre-apply,2026-09-16 01:09:23,,,,,2,,history-prefill
69,day1,2026-09-16 01:09:23,1.41,2.20,0.92,1.43,2,,history-prefill
69,final,2026-09-16 01:09:23,,,,,1,,history-prefill
69,day3,2026-09-16 01:09:23,6.74,11.83,2.81,6.65,2,,history-prefill
69,day2,2026-09-16 01:09:23,1.99,2.35,1.01,1.77,2,,history-prefill
70,pre-apply,2026-09-16 01:09:23,,,,,245,,history-prefill
70,day1,2026-09-16 01:09:23,12.91,9.91,0.17,8.53,260,,history-prefill
70,final,2026-09-16 01:09:23,,,,,235,,history-prefill
70,day3,2026-09-16 01:09:23,247.58,463.08,206.46,278.83,230,,history-prefill
70,day2,2026-09-16 01:09:23,77.44,108.82,7.30,63.40,271,,history-prefill
71,day3,2026-09-16 01:09:23,1.77,1.38,1.37,1.53,,,history-prefill
71,day1,2026-09-16 01:09:23,0.09,0.00,0.00,0.04,,,history-prefill
71,day2,2026-09-16 01:09:23,0.36,0.04,0.80,0.39,,,history-prefill
72,pre-apply,2026-09-16 01:09:23,,,,,9,,history-prefill
72,day1,2026-09-16 01:09:23,0.37,0.14,,0.25,9,,history-prefill
72,final,2026-09-16 01:09:23,,,,,5,,history-prefill
72,day3,2026-09-16 01:09:23,2.68,0.43,,1.55,,,history-prefill
72,day2,2026-09-16 01:09:23,0.81,0.07,,0.44,9,,history-prefill
74,day3,2026-09-16 01:09:23,228.24,249.47,113.55,200.34,,,history-prefill
74,day1,2026-09-16 01:09:23,5.22,1.99,0.00,3.04,,,history-prefill
74,day2,2026-09-16 01:09:23,32.00,19.49,1.00,20.51,,,history-prefill
75,final,2026-09-16 01:09:23,,,,,6,,history-prefill
75,day3,2026-09-16 01:09:23,7.00,17.07,4.58,8.47,,,history-prefill
75,day1,2026-09-16 01:09:23,0.60,0.30,0.00,0.37,,,history-prefill
75,day2,2026-09-16 01:09:23,1.15,0.63,0.48,0.85,,,history-prefill
76,pre-apply,2026-09-16 01:09:23,,,,,15,,history-prefill
76,day1,2026-09-16 01:09:23,8.19,1.16,,4.67,10,,history-prefill
76,final,2026-09-16 01:09:23,,,,,1,,history-prefill
76,day3,2026-09-16 01:09:23,18.83,2.86,,10.85,3,,history-prefill
76,day2,2026-09-16 01:09:23,14.43,2.13,,8.28,3,,history-prefill
77,pre-apply,2026-09-16 01:09:23,,,,,22,,history-prefill
77,day1,2026-09-16 01:09:23,0.37,0.24,0.00,0.24,22,,history-prefill
77,final,2026-09-16 01:09:23,,,,,2,,history-prefill
77,day3,2026-09-16 01:09:23,3.78,6.05,2.82,3.99,13,,history-prefill
77,day2,2026-09-16 01:09:23,0.95,0.99,0.13,0.73,18,,history-prefill
78,pre-apply,2026-09-16 01:09:23,,,,,395,,history-prefill
78,day1,2026-09-16 01:09:23,15.75,13.38,0.00,10.74,350,,history-prefill
78,final,2026-09-16 01:09:23,,,,,395,,history-prefill
78,day3,2026-09-16 01:09:23,216.60,260.37,194.05,219.54,400,,history-prefill
78,day2,2026-09-16 01:09:23,71.73,68.32,0.22,50.57,300,,history-prefill
79,final,2026-09-16 01:09:23,,,,,10,,history-prefill
79,day3,2026-09-16 01:09:23,73.25,113.60,59.01,77.81,14,,history-prefill
79,day1,2026-09-16 01:09:23,0.50,1.31,0.21,0.59,,,history-prefill
79,day2,2026-09-16 01:09:23,3.55,5.39,0.63,3.11,8,,history-prefill
80,pre-apply,2026-09-16 01:09:23,,,,,36,,history-prefill
80,day1,2026-09-16 01:09:23,10.99,10.59,1.72,8.08,50,,history-prefill
80,final,2026-09-16 01:09:23,,,,,49,,history-prefill
80,day3,2026-09-16 01:09:23,244.08,261.22,168.56,220.35,45,,history-prefill
80,day2,2026-09-16 01:09:23,42.92,36.48,2.60,29.35,45,,history-prefill
81,pre-apply,2026-09-16 01:09:23,,,,,40,,history-prefill
81,day1,2026-09-16 01:09:23,9.91,9.91,0.11,7.12,44,,history-prefill
81,final,2026-09-16 01:09:23,,,,,47,,history-prefill
81,day3,2026-09-16 01:09:23,372.50,764.38,241.75,420.09,49,,history-prefill
81,day2,2026-09-16 01:09:23,92.56,91.34,3.12,66.87,45,,history-prefill
18,listing,2026-09-16 01:21:22,,,,,50,165,auto-yahoo-finance
1,pre-apply,2026-09-16 02:06:32,,,,,0,,auto-fetched
2,pre-apply,2026-09-16 02:06:32,,,,,0,,auto-fetched
3,pre-apply,2026-09-16 02:06:32,,,,,208,,auto-fetched
4,day1,2026-09-16 02:06:32,,,,,24,,auto-fetched
5,day1,2026-09-16 02:06:32,,,,,140,,auto-fetched
6,day1,2026-09-16 02:06:32,,,,,27,,auto-fetched
7,day3,2026-09-16 02:06:32,12.16,11.3,0.82,8.74,11,,auto-fetched
8,final,2026-09-16 02:06:32,9.95,19.41,19.13,14.6,20,,auto-fetched
9,final,2026-09-16 02:06:32,3.39,15.69,52.65,20.1,17,,auto-fetched
10,final,2026-09-16 02:06:32,26.34,64.91,78.73,49.57,64,,auto-fetched
11,final,2026-09-16 02:06:32,13.98,51.17,168.19,66.01,71,,auto-fetched
12,final,2026-09-16 02:06:32,2.19,1.22,1.26,1.42,1,,auto-fetched
13,final,2026-09-16 02:06:32,15.62,67.93,177.29,72.89,160,,auto-fetched
14,final,2026-09-16 02:06:32,17.78,46.6,46.19,32.07,24,,auto-fetched
15,listing,2026-09-16 02:06:32,1.79,1.89,7.59,3.47,0,,auto-fetched
16,listing,2026-09-16 02:06:32,33.18,79.71,167.93,81.65,52,,auto-fetched
17,listing,2026-09-16 02:06:32,20.51,87.74,215.37,90.59,241,,auto-fetched
18,listing,2026-09-16 02:06:32,45.31,217.73,268.54,126.34,50,,auto-fetched
19,pre-apply,2026-09-16 02:06:32,,,,,0,,auto-fetched
20,pre-apply,2026-09-16 02:06:32,,,,,45,,auto-fetched
21,pre-apply,2026-09-16 02:06:32,,,,,0,,auto-fetched
22,pre-apply,2026-09-16 02:06:32,,,,,0,,auto-fetched
23,pre-apply,2026-09-16 02:06:32,,,,,44,,auto-fetched
24,pre-apply,2026-09-16 02:06:32,,,,,0,,auto-fetched
25,day2,2026-09-16 02:06:32,0.01,0.01,0.0,0.01,10,,auto-fetched
26,day2,2026-09-16 02:06:32,0.11,1.51,0.0,0.64,0,,auto-fetched
27,day2,2026-09-16 02:06:32,0.04,0.0,0.0,0.02,0,,auto-fetched
28,day3,2026-09-16 02:06:32,0.84,0.8,1.02,0.85,0,,auto-fetched
29,day3,2026-09-16 02:06:32,0.58,0.73,3.51,1.45,0,,auto-fetched
30,final,2026-09-16 02:06:32,2.42,0.39,0.0,1.4,21,,auto-fetched
31,final,2026-09-16 02:06:32,,,,,45,,auto-fetched
32,final,2026-09-16 02:06:32,0.56,1.04,5.17,1.98,0,,auto-fetched
33,final,2026-09-16 02:06:32,28.66,60.46,70.51,47.43,61,,auto-fetched
34,final,2026-09-16 02:06:32,2.91,0.3,0.0,1.6,1,,auto-fetched
35,final,2026-09-16 02:06:32,1.9,1.39,0.0,2.05,0,,auto-fetched
36,final,2026-09-16 02:06:32,28.93,32.32,15.07,25.7,7,,auto-fetched
37,final,2026-09-16 02:06:32,2.23,0.28,0.0,1.26,0,,auto-fetched
38,final,2026-09-16 02:06:32,19.65,40.32,48.82,32.41,,,auto-fetched
39,final,2026-09-16 02:06:32,447.13,699.59,299.6,459.22,,,auto-fetched
40,final,2026-09-16 02:06:32,3.65,0.58,0.0,2.12,,,auto-fetched
41,final,2026-09-16 02:06:32,0.59,1.73,0.0,1.16,,,auto-fetched
42,pre-apply,2026-09-16 02:06:32,99.16,200.85,143.93,144.65,,,auto-fetched
43,pre-apply,2026-09-16 02:06:32,20.76,42.41,4.31,20.79,,,auto-fetched
44,pre-apply,2026-09-16 02:06:32,125.72,195.53,130.97,142.17,,,auto-fetched
45,pre-apply,2026-09-16 02:06:32,372.61,286.73,83.89,789.07,,,auto-fetched
46,pre-apply,2026-09-16 02:06:32,1.57,2.66,7.34,3.45,,,auto-fetched
47,final,2026-09-16 02:06:32,311.83,318.11,224.32,288.23,,,auto-fetched
48,final,2026-09-16 02:06:32,158.88,270.67,121.28,162.88,,,auto-fetched
49,final,2026-09-16 02:06:32,2.3,0.74,1.01,1.5,,,auto-fetched
50,final,2026-09-16 02:06:32,1.69,0.29,8.37,1.44,,,auto-fetched
51,final,2026-09-16 02:06:32,3.08,0.24,1.0,1.65,,,auto-fetched
52,final,2026-09-16 02:06:32,2.91,0.27,0.0,1.59,,,auto-fetched
53,final,2026-09-16 02:06:32,176.05,311.97,169.54,203.36,,,auto-fetched
54,final,2026-09-16 02:06:32,11.01,22.89,9.44,13.11,,,auto-fetched
55,final,2026-09-16 02:06:32,3.36,0.72,1.06,2.04,,,auto-fetched
56,final,2026-09-16 02:06:32,138.86,216.97,130.4,153.13,,,auto-fetched
57,final,2026-09-16 02:06:32,2.64,0.2,0.0,1.42,,,auto-fetched
58,final,2026-09-16 02:06:32,3.49,4.96,3.66,3.87,,,auto-fetched
59,final,2026-09-16 02:06:32,2.62,2.17,0.0,2.4,,,auto-fetched
60,final,2026-09-16 02:06:32,1.37,1.06,22.74,1.48,,,auto-fetched
61,final,2026-09-16 02:06:32,2.26,1.85,1.84,2.05,,,auto-fetched
62,final,2026-09-16 02:06:32,387.66,433.25,200.23,344.25,,,auto-fetched
63,final,2026-09-16 02:06:32,25.59,48.05,23.88,29.91,,,auto-fetched
64,final,2026-09-16 02:06:32,104.22,233.36,164.56,149.13,,,auto-fetched
65,pre-apply,2026-09-16 02:06:32,168.69,272.79,91.55,169.26,,,auto-fetched
66,pre-apply,2026-09-16 02:06:32,1.8,1.47,1.0,1.5,,,auto-fetched
67,pre-apply,2026-09-16 02:06:32,1.84,2.4,1.05,1.73,,,auto-fetched
68,pre-apply,2026-09-16 02:06:32,40.36,75.35,56.38,49.99,,,auto-fetched
69,final,2026-09-16 02:06:32,6.74,11.83,2.81,6.65,,,auto-fetched
70,final,2026-09-16 02:06:32,247.58,463.43,206.46,278.83,,,auto-fetched
71,final,2026-09-16 02:06:32,1.77,1.38,1.37,1.53,,,auto-fetched
72,final,2026-09-16 02:06:32,2.68,0.43,0.0,1.55,,,auto-fetched
73,final,2026-09-16 02:06:32,1.41,3.19,1.81,1.91,,,auto-fetched
74,final,2026-09-16 02:06:32,228.24,249.47,113.55,200.34,,,auto-fetched
75,final,2026-09-16 02:06:32,7.0,17.07,4.58,8.47,,,auto-fetched
76,final,2026-09-16 02:06:32,18.83,2.86,0.0,10.85,,,auto-fetched
77,final,2026-09-16 02:06:32,3.78,6.05,2.82,3.99,,,auto-fetched
78,final,2026-09-16 02:06:32,216.6,260.37,194.05,219.54,,,auto-fetched
79,final,2026-09-16 02:06:32,73.25,113.6,59.01,77.81,,,auto-fetched
80,final,2026-09-16 02:06:32,244.08,261.22,168.56,220.35,,,auto-fetched
81,final,2026-09-16 02:06:32,372.5,764.38,241.75,420.09,,,auto-fetched
82,pre-apply,2026-09-16 02:06:32,0.32,1.81,0.0,1.37,,,auto-fetched
83,pre-apply,2026-09-16 02:06:32,2.18,0.8,1.0,1.62,,,auto-fetched
84,pre-apply,2026-09-16 02:06:32,1.52,4.08,17.19,3.62,,,auto-fetched
85,pre-apply,2026-09-16 02:06:32,4.65,10.11,1.55,4.95,,,auto-fetched
86,pre-apply,2026-09-16 02:06:32,218.48,324.64,145.82,220.71,,,auto-fetched
87,pre-apply,2026-09-16 02:06:32,11.3,18.97,3.58,10.74,,,auto-fetched
88,pre-apply,2026-09-16 02:06:32,0.84,1.41,22.47,1.35,,,auto-fetched
89,final,2026-09-16 02:06:32,1.26,1.08,4.75,1.21,,,auto-fetched
90,final,2026-09-16 02:06:32,0.22,1.57,0.0,0.93,,,auto-fetched
91,final,2026-09-16 02:06:32,5.71,14.58,2.51,6.7,,,auto-fetched
92,final,2026-09-16 02:06:32,2.6,2.49,1.23,2.18,,,auto-fetched
93,final,2026-09-16 02:06:32,0.44,0.09,20.33,1.32,,,auto-fetched
94,final,2026-09-16 02:06:32,401.21,597.23,196.77,385.24,,,auto-fetched
95,final,2026-09-16 02:06:32,71.76,153.95,119.19,103.06,,,auto-fetched
96,final,2026-09-16 02:06:32,3.14,2.63,0.0,2.88,,,auto-fetched
97,final,2026-09-16 02:06:32,0.84,5.1,20.32,2.7,,,auto-fetched
98,final,2026-09-16 02:06:32,2.97,0.85,0.0,1.91,,,auto-fetched
99,final,2026-09-16 02:06:32,308.3,450.74,186.72,304.11,,,auto-fetched
100,final,2026-09-16 02:06:32,207.56,336.0,142.65,216.63,,,auto-fetched
101,final,2026-09-16 02:06:32,2.1,0.89,1.12,1.6,,,auto-fetched
102,final,2026-09-16 02:06:32,12.59,30.91,17.58,16.99,,,auto-fetched
103,final,2026-09-16 02:06:32,3.86,0.86,1.0,2.36,,,auto-fetched
104,final,2026-09-16 02:06:32,100.18,74.08,0.0,87.17,,,auto-fetched
105,final,2026-09-16 02:06:32,297.67,476.59,224.91,315.36,,,auto-fetched
106,pre-apply,2026-09-16 02:06:32,2.42,0.45,0.0,1.43,,,auto-fetched
107,final,2026-09-16 02:06:32,168.63,393.63,122.04,203.74,,,auto-fetched
108,pre-apply,2026-09-16 02:06:32,0.3,1.0,5.41,1.09,,,auto-fetched
109,final,2026-09-16 02:06:32,1.76,3.4,0.0,5.64,,,auto-fetched
110,final,2026-09-16 02:06:32,2.09,1.88,1.0,1.74,,,auto-fetched
111,final,2026-09-16 02:06:32,71.44,145.98,123.94,102.42,,,auto-fetched
113,final,2026-09-16 02:06:32,2.92,1.3,15.94,2.26,,,auto-fetched
114,final,2026-09-16 02:06:32,27.79,63.93,26.46,35.15,,,auto-fetched
115,final,2026-09-16 02:06:32,0.66,0.7,21.33,1.12,,,auto-fetched
116,final,2026-09-16 02:06:32,0.38,12.05,3.58,6.27,,,auto-fetched
117,final,2026-09-16 02:06:32,2.8,0.34,1.0,1.57,,,auto-fetched
118,final,2026-09-16 02:06:32,11.34,24.12,124.39,21.47,,,auto-fetched
120,final,2026-09-16 02:06:32,70.89,81.54,101.08,80.87,,,auto-fetched
121,final,2026-09-16 02:06:32,216.64,404.76,137.99,234.63,,,auto-fetched
122,final,2026-09-16 02:06:32,0.77,1.24,17.0,1.2,,,auto-fetched
123,final,2026-09-16 02:06:32,0.7,1.47,1.75,1.19,,,auto-fetched
124,final,2026-09-16 02:06:32,47.27,120.16,98.23,77.45,,,auto-fetched
125,final,2026-09-16 02:06:32,37.41,79.38,32.5,44.91,,,auto-fetched
126,final,2026-09-16 02:06:32,0.76,2.45,1.31,1.28,,,auto-fetched
127,pre-apply,2026-09-16 02:06:32,3.74,4.96,1.02,3.22,,,auto-fetched
128,final,2026-09-16 02:06:32,0.36,1.5,1.95,1.06,,,auto-fetched
129,final,2026-09-16 02:06:32,185.1,362.12,81.95,193.91,,,auto-fetched
130,final,2026-09-16 02:06:32,0.66,2.12,3.2,1.7,,,auto-fetched
131,final,2026-09-16 02:06:32,0.85,1.88,96.24,2.27,,,auto-fetched
132,final,2026-09-16 02:06:32,1.82,1.17,1.38,1.55,,,auto-fetched
133,final,2026-09-16 02:06:32,100.24,236.61,99.96,129.33,,,auto-fetched
134,final,2026-09-16 02:06:32,0.69,1.57,1.13,1.13,,,auto-fetched
135,final,2026-09-16 02:06:32,0.59,2.12,0.0,1.35,,,auto-fetched
136,pre-apply,2026-09-16 02:06:32,1.15,1.56,1.0,1.14,,,auto-fetched
137,pre-apply,2026-09-16 02:06:32,0.63,1.58,2.03,1.24,,,auto-fetched
138,final,2026-09-16 02:06:32,1.61,5.05,8.29,4.26,,,auto-fetched
139,final,2026-09-16 02:06:32,2.43,1.16,14.98,2.05,,,auto-fetched
140,final,2026-09-16 02:06:32,367.59,606.02,153.01,357.37,,,auto-fetched
141,final,2026-09-16 02:06:32,96.52,175.72,49.16,100.07,,,auto-fetched
142,final,2026-09-16 02:06:32,5.88,12.49,2.24,6.25,,,auto-fetched
143,final,2026-09-16 02:06:32,2.35,0.39,0.0,1.37,,,auto-fetched
144,final,2026-09-16 02:06:32,4.09,7.91,5.95,5.44,,,auto-fetched
145,final,2026-09-16 02:06:32,16.51,41.0,2.92,17.94,,,auto-fetched
146,final,2026-09-16 02:06:32,8.99,25.41,6.57,11.85,,,auto-fetched
147,final,2026-09-16 02:06:32,20.8,24.49,21.05,22.33,,,auto-fetched
148,final,2026-09-16 02:06:32,93.11,202.98,85.24,114.47,,,auto-fetched
149,final,2026-09-16 02:06:32,15.74,37.57,11.32,19.16,,,auto-fetched
150,pre-apply,2026-09-16 02:06:32,2.12,1.52,1.12,1.63,,,auto-fetched
151,final,2026-09-16 02:06:32,1.86,0.23,0.0,1.04,,,auto-fetched
152,final,2026-09-16 02:06:32,133.16,308.23,117.97,166.72,,,auto-fetched
153,final,2026-09-16 02:06:32,2.19,2.08,1.01,1.83,,,auto-fetched
154,final,2026-09-16 02:06:32,16.49,38.88,4.0,17.75,,,auto-fetched
155,final,2026-09-16 02:06:32,1.62,1.98,1.08,1.54,,,auto-fetched
156,final,2026-09-16 02:06:32,3.73,9.3,3.33,5.43,,,auto-fetched
157,final,2026-09-16 02:06:32,54.21,135.37,63.31,74.27,,,auto-fetched
158,final,2026-09-16 02:06:32,1.08,0.42,1.6,1.1,,,auto-fetched
159,final,2026-09-16 02:06:32,2.88,1.24,1.0,2.21,,,auto-fetched
160,final,2026-09-16 02:06:32,2.58,1.08,1.0,1.82,,,auto-fetched
161,final,2026-09-16 02:06:32,14.1,24.67,14.69,16.53,,,auto-fetched
162,final,2026-09-16 02:06:32,96.13,164.59,94.94,110.49,,,auto-fetched
163,final,2026-09-16 02:06:32,0.44,1.92,0.0,1.25,,,auto-fetched
164,final,2026-09-16 02:06:32,137.52,219.02,54.97,131.82,,,auto-fetched
165,final,2026-09-16 02:06:32,101.28,160.95,71.09,105.54,,,auto-fetched
166,final,2026-09-16 02:06:32,0.99,0.91,0.0,0.95,,,auto-fetched
167,final,2026-09-16 02:06:32,1.51,0.91,1.03,1.33,,,auto-fetched
1,pre-apply,2026-09-16 02:34:06,,,,,0,,auto-fetched
2,pre-apply,2026-09-16 02:34:06,,,,,0,,auto-fetched
3,pre-apply,2026-09-16 02:34:06,,,,,208,,auto-fetched
4,day1,2026-09-16 02:34:06,,,,,24,,auto-fetched
5,day1,2026-09-16 02:34:06,,,,,140,,auto-fetched
6,day1,2026-09-16 02:34:06,,,,,27,,auto-fetched
7,day3,2026-09-16 02:34:06,12.16,11.3,0.82,8.74,11,,auto-fetched
8,final,2026-09-16 02:34:06,9.95,19.41,19.13,14.6,20,,auto-fetched
9,final,2026-09-16 02:34:06,3.39,15.69,52.65,20.1,17,,auto-fetched
10,final,2026-09-16 02:34:06,26.34,64.91,78.73,49.57,64,,auto-fetched
11,final,2026-09-16 02:34:06,13.98,51.17,168.19,66.01,71,,auto-fetched
12,final,2026-09-16 02:34:06,2.19,1.22,1.26,1.42,1,,auto-fetched
13,final,2026-09-16 02:34:06,15.62,67.93,177.29,72.89,160,,auto-fetched
14,final,2026-09-16 02:34:06,17.78,46.6,46.19,32.07,24,,auto-fetched
15,listing,2026-09-16 02:34:06,1.79,1.89,7.59,3.47,0,,auto-fetched
16,listing,2026-09-16 02:34:06,33.18,79.71,167.93,81.65,52,,auto-fetched
17,listing,2026-09-16 02:34:06,20.51,87.74,215.37,90.59,241,,auto-fetched
18,listing,2026-09-16 02:34:06,45.31,217.73,268.54,126.34,50,,auto-fetched
19,pre-apply,2026-09-16 02:34:06,,,,,0,,auto-fetched
20,pre-apply,2026-09-16 02:34:06,,,,,45,,auto-fetched
21,pre-apply,2026-09-16 02:34:06,,,,,0,,auto-fetched
22,pre-apply,2026-09-16 02:34:06,,,,,0,,auto-fetched
23,pre-apply,2026-09-16 02:34:06,,,,,44,,auto-fetched
24,pre-apply,2026-09-16 02:34:06,,,,,0,,auto-fetched
25,day2,2026-09-16 02:34:06,0.01,0.01,0.0,0.01,10,,auto-fetched
26,day2,2026-09-16 02:34:06,0.11,1.51,0.0,0.64,0,,auto-fetched
27,day2,2026-09-16 02:34:06,0.04,0.0,0.0,0.02,0,,auto-fetched
28,day3,2026-09-16 02:34:06,0.84,0.8,1.02,0.85,0,,auto-fetched
29,day3,2026-09-16 02:34:06,0.58,0.73,3.51,1.45,0,,auto-fetched
30,final,2026-09-16 02:34:06,2.42,0.39,0.0,1.4,21,,auto-fetched
31,final,2026-09-16 02:34:06,,,,,45,,auto-fetched
32,final,2026-09-16 02:34:06,0.56,1.04,5.17,1.98,0,,auto-fetched
33,final,2026-09-16 02:34:06,28.66,60.46,70.51,47.43,61,,auto-fetched
34,final,2026-09-16 02:34:06,2.91,0.3,0.0,1.6,1,,auto-fetched
35,final,2026-09-16 02:34:06,1.9,1.39,0.0,2.05,0,,auto-fetched
36,final,2026-09-16 02:34:06,28.93,32.32,15.07,25.7,7,,auto-fetched
37,final,2026-09-16 02:34:06,2.23,0.28,0.0,1.26,0,,auto-fetched
38,final,2026-09-16 02:34:06,19.65,40.32,48.82,32.41,,,auto-fetched
39,final,2026-09-16 02:34:06,447.13,699.59,299.6,459.22,,,auto-fetched
40,final,2026-09-16 02:34:06,3.65,0.58,0.0,2.12,,,auto-fetched
41,final,2026-09-16 02:34:06,0.59,1.73,0.0,1.16,,,auto-fetched
42,pre-apply,2026-09-16 02:34:06,99.16,200.85,143.93,144.65,,,auto-fetched
43,pre-apply,2026-09-16 02:34:06,20.76,42.41,4.31,20.79,,,auto-fetched
44,pre-apply,2026-09-16 02:34:06,125.72,195.53,130.97,142.17,,,auto-fetched
45,pre-apply,2026-09-16 02:34:06,372.61,286.73,83.89,789.07,,,auto-fetched
46,pre-apply,2026-09-16 02:34:06,1.57,2.66,7.34,3.45,,,auto-fetched
47,final,2026-09-16 02:34:06,311.83,318.11,224.32,288.23,,,auto-fetched
48,final,2026-09-16 02:34:06,158.88,270.67,121.28,162.88,,,auto-fetched
49,final,2026-09-16 02:34:06,2.3,0.74,1.01,1.5,,,auto-fetched
50,final,2026-09-16 02:34:06,1.69,0.29,8.37,1.44,,,auto-fetched
51,final,2026-09-16 02:34:06,3.08,0.24,1.0,1.65,,,auto-fetched
52,final,2026-09-16 02:34:06,2.91,0.27,0.0,1.59,,,auto-fetched
53,final,2026-09-16 02:34:06,176.05,311.97,169.54,203.36,,,auto-fetched
54,final,2026-09-16 02:34:06,11.01,22.89,9.44,13.11,,,auto-fetched
55,final,2026-09-16 02:34:06,3.36,0.72,1.06,2.04,,,auto-fetched
56,final,2026-09-16 02:34:06,138.86,216.97,130.4,153.13,,,auto-fetched
57,final,2026-09-16 02:34:06,2.64,0.2,0.0,1.42,,,auto-fetched
58,final,2026-09-16 02:34:06,3.49,4.96,3.66,3.87,,,auto-fetched
59,final,2026-09-16 02:34:06,2.62,2.17,0.0,2.4,,,auto-fetched
60,final,2026-09-16 02:34:06,1.37,1.06,22.74,1.48,,,auto-fetched
61,final,2026-09-16 02:34:06,2.26,1.85,1.84,2.05,,,auto-fetched
62,final,2026-09-16 02:34:06,387.66,433.25,200.23,344.25,,,auto-fetched
63,final,2026-09-16 02:34:06,25.59,48.05,23.88,29.91,,,auto-fetched
64,final,2026-09-16 02:34:06,104.22,233.36,164.56,149.13,,,auto-fetched
65,pre-apply,2026-09-16 02:34:06,168.69,272.79,91.55,169.26,,,auto-fetched
66,pre-apply,2026-09-16 02:34:06,1.8,1.47,1.0,1.5,,,auto-fetched
67,pre-apply,2026-09-16 02:34:06,1.84,2.4,1.05,1.73,,,auto-fetched
68,pre-apply,2026-09-16 02:34:06,40.36,75.35,56.38,49.99,,,auto-fetched
69,final,2026-09-16 02:34:06,6.74,11.83,2.81,6.65,,,auto-fetched
70,final,2026-09-16 02:34:06,247.58,463.43,206.46,278.83,,,auto-fetched
71,final,2026-09-16 02:34:06,1.77,1.38,1.37,1.53,,,auto-fetched
72,final,2026-09-16 02:34:06,2.68,0.43,0.0,1.55,,,auto-fetched
73,final,2026-09-16 02:34:06,1.41,3.19,1.81,1.91,,,auto-fetched
74,final,2026-09-16 02:34:06,228.24,249.47,113.55,200.34,,,auto-fetched
75,final,2026-09-16 02:34:06,7.0,17.07,4.58,8.47,,,auto-fetched
76,final,2026-09-16 02:34:06,18.83,2.86,0.0,10.85,,,auto-fetched
77,final,2026-09-16 02:34:06,3.78,6.05,2.82,3.99,,,auto-fetched
78,final,2026-09-16 02:34:06,216.6,260.37,194.05,219.54,,,auto-fetched
79,final,2026-09-16 02:34:06,73.25,113.6,59.01,77.81,,,auto-fetched
80,final,2026-09-16 02:34:06,244.08,261.22,168.56,220.35,,,auto-fetched
81,final,2026-09-16 02:34:06,372.5,764.38,241.75,420.09,,,auto-fetched
82,pre-apply,2026-09-16 02:34:06,0.32,1.81,0.0,1.37,,,auto-fetched
83,pre-apply,2026-09-16 02:34:06,2.18,0.8,1.0,1.62,,,auto-fetched
84,pre-apply,2026-09-16 02:34:06,1.52,4.08,17.19,3.62,,,auto-fetched
85,pre-apply,2026-09-16 02:34:06,4.65,10.11,1.55,4.95,,,auto-fetched
86,pre-apply,2026-09-16 02:34:06,218.48,324.64,145.82,220.71,,,auto-fetched
87,pre-apply,2026-09-16 02:34:06,11.3,18.97,3.58,10.74,,,auto-fetched
88,pre-apply,2026-09-16 02:34:06,0.84,1.41,22.47,1.35,,,auto-fetched
89,final,2026-09-16 02:34:06,1.26,1.08,4.75,1.21,,,auto-fetched
90,final,2026-09-16 02:34:06,0.22,1.57,0.0,0.93,,,auto-fetched
91,final,2026-09-16 02:34:06,5.71,14.58,2.51,6.7,,,auto-fetched
92,final,2026-09-16 02:34:06,2.6,2.49,1.23,2.18,,,auto-fetched
93,final,2026-09-16 02:34:06,0.44,0.09,20.33,1.32,,,auto-fetched
94,final,2026-09-16 02:34:06,401.21,597.23,196.77,385.24,,,auto-fetched
95,final,2026-09-16 02:34:06,71.76,153.95,119.19,103.06,,,auto-fetched
96,final,2026-09-16 02:34:06,3.14,2.63,0.0,2.88,,,auto-fetched
97,final,2026-09-16 02:34:06,0.84,5.1,20.32,2.7,,,auto-fetched
98,final,2026-09-16 02:34:06,2.97,0.85,0.0,1.91,,,auto-fetched
99,final,2026-09-16 02:34:06,308.3,450.74,186.72,304.11,,,auto-fetched
100,final,2026-09-16 02:34:06,207.56,336.0,142.65,216.63,,,auto-fetched
101,final,2026-09-16 02:34:06,2.1,0.89,1.12,1.6,,,auto-fetched
102,final,2026-09-16 02:34:06,12.59,30.91,17.58,16.99,,,auto-fetched
103,final,2026-09-16 02:34:06,3.86,0.86,1.0,2.36,,,auto-fetched
104,final,2026-09-16 02:34:06,100.18,74.08,0.0,87.17,,,auto-fetched
105,final,2026-09-16 02:34:06,297.67,476.59,224.91,315.36,,,auto-fetched
106,pre-apply,2026-09-16 02:34:06,2.42,0.45,0.0,1.43,,,auto-fetched
107,final,2026-09-16 02:34:06,168.63,393.63,122.04,203.74,,,auto-fetched
108,pre-apply,2026-09-16 02:34:06,0.3,1.0,5.41,1.09,,,auto-fetched
109,final,2026-09-16 02:34:06,1.76,3.4,0.0,5.64,,,auto-fetched
110,final,2026-09-16 02:34:06,2.09,1.88,1.0,1.74,,,auto-fetched
111,final,2026-09-16 02:34:06,71.44,145.98,123.94,102.42,,,auto-fetched
113,final,2026-09-16 02:34:06,2.92,1.3,15.94,2.26,,,auto-fetched
114,final,2026-09-16 02:34:06,27.79,63.93,26.46,35.15,,,auto-fetched
115,final,2026-09-16 02:34:06,0.66,0.7,21.33,1.12,,,auto-fetched
116,final,2026-09-16 02:34:06,0.38,12.05,3.58,6.27,,,auto-fetched
117,final,2026-09-16 02:34:06,2.8,0.34,1.0,1.57,,,auto-fetched
118,final,2026-09-16 02:34:06,11.34,24.12,124.39,21.47,,,auto-fetched
120,final,2026-09-16 02:34:06,70.89,81.54,101.08,80.87,,,auto-fetched
121,final,2026-09-16 02:34:06,216.64,404.76,137.99,234.63,,,auto-fetched
122,final,2026-09-16 02:34:06,0.77,1.24,17.0,1.2,,,auto-fetched
123,final,2026-09-16 02:34:06,0.7,1.47,1.75,1.19,,,auto-fetched
124,final,2026-09-16 02:34:06,47.27,120.16,98.23,77.45,,,auto-fetched
125,final,2026-09-16 02:34:06,37.41,79.38,32.5,44.91,,,auto-fetched
126,final,2026-09-16 02:34:06,0.76,2.45,1.31,1.28,,,auto-fetched
127,pre-apply,2026-09-16 02:34:06,3.74,4.96,1.02,3.22,,,auto-fetched
128,final,2026-09-16 02:34:06,0.36,1.5,1.95,1.06,,,auto-fetched
129,final,2026-09-16 02:34:06,185.1,362.12,81.95,193.91,,,auto-fetched
130,final,2026-09-16 02:34:06,0.66,2.12,3.2,1.7,,,auto-fetched
131,final,2026-09-16 02:34:06,0.85,1.88,96.24,2.27,,,auto-fetched
132,final,2026-09-16 02:34:06,1.82,1.17,1.38,1.55,,,auto-fetched
133,final,2026-09-16 02:34:06,100.24,236.61,99.96,129.33,,,auto-fetched
134,final,2026-09-16 02:34:06,0.69,1.57,1.13,1.13,,,auto-fetched
135,final,2026-09-16 02:34:06,0.59,2.12,0.0,1.35,,,auto-fetched
136,pre-apply,2026-09-16 02:34:06,1.15,1.56,1.0,1.14,,,auto-fetched
137,pre-apply,2026-09-16 02:34:06,0.63,1.58,2.03,1.24,,,auto-fetched
138,final,2026-09-16 02:34:06,1.61,5.05,8.29,4.26,,,auto-fetched
139,final,2026-09-16 02:34:06,2.43,1.16,14.98,2.05,,,auto-fetched
140,final,2026-09-16 02:34:06,367.59,606.02,153.01,357.37,,,auto-fetched
141,final,2026-09-16 02:34:06,96.52,175.72,49.16,100.07,,,auto-fetched
142,final,2026-09-16 02:34:06,5.88,12.49,2.24,6.25,,,auto-fetched
143,final,2026-09-16 02:34:06,2.35,0.39,0.0,1.37,,,auto-fetched
144,final,2026-09-16 02:34:06,4.09,7.91,5.95,5.44,,,auto-fetched
145,final,2026-09-16 02:34:06,16.51,41.0,2.92,17.94,,,auto-fetched
146,final,2026-09-16 02:34:06,8.99,25.41,6.57,11.85,,,auto-fetched
147,final,2026-09-16 02:34:06,20.8,24.49,21.05,22.33,,,auto-fetched
148,final,2026-09-16 02:34:06,93.11,202.98,85.24,114.47,,,auto-fetched
149,final,2026-09-16 02:34:06,15.74,37.57,11.32,19.16,,,auto-fetched
150,pre-apply,2026-09-16 02:34:06,2.12,1.52,1.12,1.63,,,auto-fetched
151,final,2026-09-16 02:34:06,1.86,0.23,0.0,1.04,,,auto-fetched
152,final,2026-09-16 02:34:06,133.16,308.23,117.97,166.72,,,auto-fetched
153,final,2026-09-16 02:34:06,2.19,2.08,1.01,1.83,,,auto-fetched
154,final,2026-09-16 02:34:06,16.49,38.88,4.0,17.75,,,auto-fetched
155,final,2026-09-16 02:34:06,1.62,1.98,1.08,1.54,,,auto-fetched
156,final,2026-09-16 02:34:06,3.73,9.3,3.33,5.43,,,auto-fetched
157,final,2026-09-16 02:34:06,54.21,135.37,63.31,74.27,,,auto-fetched
158,final,2026-09-16 02:34:06,1.08,0.42,1.6,1.1,,,auto-fetched
159,final,2026-09-16 02:34:06,2.88,1.24,1.0,2.21,,,auto-fetched
160,final,2026-09-16 02:34:06,2.58,1.08,1.0,1.82,,,auto-fetched
161,final,2026-09-16 02:34:06,14.1,24.67,14.69,16.53,,,auto-fetched
162,final,2026-09-16 02:34:06,96.13,164.59,94.94,110.49,,,auto-fetched
163,final,2026-09-16 02:34:06,0.44,1.92,0.0,1.25,,,auto-fetched
164,final,2026-09-16 02:34:06,137.52,219.02,54.97,131.82,,,auto-fetched
165,final,2026-09-16 02:34:06,101.28,160.95,71.09,105.54,,,auto-fetched
166,final,2026-09-16 02:34:06,0.99,0.91,0.0,0.95,,,auto-fetched
167,final,2026-09-16 02:34:06,1.51,0.91,1.03,1.33,,,auto-fetched
1,pre-apply,2026-09-16 02:35:03,,,,,0,,auto-fetched
2,pre-apply,2026-09-16 02:35:03,,,,,0,,auto-fetched
3,pre-apply,2026-09-16 02:35:03,,,,,208,,auto-fetched
4,day1,2026-09-16 02:35:03,,,,,24,,auto-fetched
5,day1,2026-09-16 02:35:03,,,,,140,,auto-fetched
6,day1,2026-09-16 02:35:03,,,,,27,,auto-fetched
7,day3,2026-09-16 02:35:03,12.16,11.3,0.82,8.74,11,,auto-fetched
8,final,2026-09-16 02:35:03,9.95,19.41,19.13,14.6,20,,auto-fetched
9,final,2026-09-16 02:35:03,3.39,15.69,52.65,20.1,17,,auto-fetched
10,final,2026-09-16 02:35:03,26.34,64.91,78.73,49.57,64,,auto-fetched
11,final,2026-09-16 02:35:03,13.98,51.17,168.19,66.01,71,,auto-fetched
12,final,2026-09-16 02:35:03,2.19,1.22,1.26,1.42,1,,auto-fetched
13,final,2026-09-16 02:35:03,15.62,67.93,177.29,72.89,160,,auto-fetched
14,final,2026-09-16 02:35:03,17.78,46.6,46.19,32.07,24,,auto-fetched
15,listing,2026-09-16 02:35:03,1.79,1.89,7.59,3.47,0,,auto-fetched
16,listing,2026-09-16 02:35:03,33.18,79.71,167.93,81.65,52,,auto-fetched
17,listing,2026-09-16 02:35:03,20.51,87.74,215.37,90.59,241,,auto-fetched
19,pre-apply,2026-09-16 02:35:03,,,,,0,,auto-fetched
20,pre-apply,2026-09-16 02:35:03,,,,,45,,auto-fetched
21,pre-apply,2026-09-16 02:35:03,,,,,0,,auto-fetched
22,pre-apply,2026-09-16 02:35:03,,,,,0,,auto-fetched
23,pre-apply,2026-09-16 02:35:03,,,,,44,,auto-fetched
24,pre-apply,2026-09-16 02:35:03,,,,,0,,auto-fetched
25,day2,2026-09-16 02:35:03,0.01,0.01,0.0,0.01,10,,auto-fetched
26,day2,2026-09-16 02:35:03,0.11,1.51,0.0,0.64,0,,auto-fetched
27,day2,2026-09-16 02:35:03,0.04,0.0,0.0,0.02,0,,auto-fetched
28,day3,2026-09-16 02:35:03,0.84,0.8,1.02,0.85,0,,auto-fetched
29,day3,2026-09-16 02:35:03,0.58,0.73,3.51,1.45,0,,auto-fetched
30,final,2026-09-16 02:35:03,2.42,0.39,0.0,1.4,21,,auto-fetched
31,final,2026-09-16 02:35:03,,,,,45,,auto-fetched
32,final,2026-09-16 02:35:03,0.56,1.04,5.17,1.98,0,,auto-fetched
33,final,2026-09-16 02:35:03,28.66,60.46,70.51,47.43,61,,auto-fetched
34,final,2026-09-16 02:35:03,2.91,0.3,0.0,1.6,1,,auto-fetched
35,final,2026-09-16 02:35:03,1.9,1.39,0.0,2.05,0,,auto-fetched
36,final,2026-09-16 02:35:03,28.93,32.32,15.07,25.7,7,,auto-fetched
37,final,2026-09-16 02:35:03,2.23,0.28,0.0,1.26,0,,auto-fetched
38,final,2026-09-16 02:35:03,19.65,40.32,48.82,32.41,,,auto-fetched
39,final,2026-09-16 02:35:03,447.13,699.59,299.6,459.22,,,auto-fetched
40,final,2026-09-16 02:35:03,3.65,0.58,0.0,2.12,,,auto-fetched
41,final,2026-09-16 02:35:03,0.59,1.73,0.0,1.16,,,auto-fetched
42,pre-apply,2026-09-16 02:35:03,99.16,200.85,143.93,144.65,,,auto-fetched
43,pre-apply,2026-09-16 02:35:03,20.76,42.41,4.31,20.79,,,auto-fetched
44,pre-apply,2026-09-16 02:35:03,125.72,195.53,130.97,142.17,,,auto-fetched
45,pre-apply,2026-09-16 02:35:03,372.61,286.73,83.89,789.07,,,auto-fetched
46,pre-apply,2026-09-16 02:35:03,1.57,2.66,7.34,3.45,,,auto-fetched
47,final,2026-09-16 02:35:03,311.83,318.11,224.32,288.23,,,auto-fetched
48,final,2026-09-16 02:35:03,158.88,270.67,121.28,162.88,,,auto-fetched
49,final,2026-09-16 02:35:03,2.3,0.74,1.01,1.5,,,auto-fetched
50,final,2026-09-16 02:35:03,1.69,0.29,8.37,1.44,,,auto-fetched
51,final,2026-09-16 02:35:03,3.08,0.24,1.0,1.65,,,auto-fetched
52,final,2026-09-16 02:35:03,2.91,0.27,0.0,1.59,,,auto-fetched
53,final,2026-09-16 02:35:03,176.05,311.97,169.54,203.36,,,auto-fetched
54,final,2026-09-16 02:35:03,11.01,22.89,9.44,13.11,,,auto-fetched
55,final,2026-09-16 02:35:03,3.36,0.72,1.06,2.04,,,auto-fetched
56,final,2026-09-16 02:35:03,138.86,216.97,130.4,153.13,,,auto-fetched
57,final,2026-09-16 02:35:03,2.64,0.2,0.0,1.42,,,auto-fetched
58,final,2026-09-16 02:35:03,3.49,4.96,3.66,3.87,,,auto-fetched
59,final,2026-09-16 02:35:03,2.62,2.17,0.0,2.4,,,auto-fetched
60,final,2026-09-16 02:35:03,1.37,1.06,22.74,1.48,,,auto-fetched
61,final,2026-09-16 02:35:03,2.26,1.85,1.84,2.05,,,auto-fetched
62,final,2026-09-16 02:35:03,387.66,433.25,200.23,344.25,,,auto-fetched
63,final,2026-09-16 02:35:03,25.59,48.05,23.88,29.91,,,auto-fetched
64,final,2026-09-16 02:35:03,104.22,233.36,164.56,149.13,,,auto-fetched
65,pre-apply,2026-09-16 02:35:03,168.69,272.79,91.55,169.26,,,auto-fetched
66,pre-apply,2026-09-16 02:35:03,1.8,1.47,1.0,1.5,,,auto-fetched
67,pre-apply,2026-09-16 02:35:03,1.84,2.4,1.05,1.73,,,auto-fetched
68,pre-apply,2026-09-16 02:35:03,40.36,75.35,56.38,49.99,,,auto-fetched
69,final,2026-09-16 02:35:03,6.74,11.83,2.81,6.65,,,auto-fetched
70,final,2026-09-16 02:35:03,247.58,463.43,206.46,278.83,,,auto-fetched
71,final,2026-09-16 02:35:03,1.77,1.38,1.37,1.53,,,auto-fetched
72,final,2026-09-16 02:35:03,2.68,0.43,0.0,1.55,,,auto-fetched
73,final,2026-09-16 02:35:03,1.41,3.19,1.81,1.91,,,auto-fetched
74,final,2026-09-16 02:35:03,228.24,249.47,113.55,200.34,,,auto-fetched
75,final,2026-09-16 02:35:03,7.0,17.07,4.58,8.47,,,auto-fetched
76,final,2026-09-16 02:35:03,18.83,2.86,0.0,10.85,,,auto-fetched
77,final,2026-09-16 02:35:03,3.78,6.05,2.82,3.99,,,auto-fetched
78,final,2026-09-16 02:35:03,216.6,260.37,194.05,219.54,,,auto-fetched
79,final,2026-09-16 02:35:03,73.25,113.6,59.01,77.81,,,auto-fetched
80,final,2026-09-16 02:35:03,244.08,261.22,168.56,220.35,,,auto-fetched
81,final,2026-09-16 02:35:03,372.5,764.38,241.75,420.09,,,auto-fetched
82,pre-apply,2026-09-16 02:35:03,0.32,1.81,0.0,1.37,,,auto-fetched
83,pre-apply,2026-09-16 02:35:03,2.18,0.8,1.0,1.62,,,auto-fetched
84,pre-apply,2026-09-16 02:35:03,1.52,4.08,17.19,3.62,,,auto-fetched
85,pre-apply,2026-09-16 02:35:03,4.65,10.11,1.55,4.95,,,auto-fetched
86,pre-apply,2026-09-16 02:35:03,218.48,324.64,145.82,220.71,,,auto-fetched
87,pre-apply,2026-09-16 02:35:03,11.3,18.97,3.58,10.74,,,auto-fetched
88,pre-apply,2026-09-16 02:35:03,0.84,1.41,22.47,1.35,,,auto-fetched
89,final,2026-09-16 02:35:03,1.26,1.08,4.75,1.21,,,auto-fetched
90,final,2026-09-16 02:35:03,0.22,1.57,0.0,0.93,,,auto-fetched
91,final,2026-09-16 02:35:03,5.71,14.58,2.51,6.7,,,auto-fetched
92,final,2026-09-16 02:35:03,2.6,2.49,1.23,2.18,,,auto-fetched
93,final,2026-09-16 02:35:03,0.44,0.09,20.33,1.32,,,auto-fetched
94,final,2026-09-16 02:35:03,401.21,597.23,196.77,385.24,,,auto-fetched
95,final,2026-09-16 02:35:03,71.76,153.95,119.19,103.06,,,auto-fetched
96,final,2026-09-16 02:35:03,3.14,2.63,0.0,2.88,,,auto-fetched
97,final,2026-09-16 02:35:03,0.84,5.1,20.32,2.7,,,auto-fetched
98,final,2026-09-16 02:35:03,2.97,0.85,0.0,1.91,,,auto-fetched
99,final,2026-09-16 02:35:03,308.3,450.74,186.72,304.11,,,auto-fetched
100,final,2026-09-16 02:35:03,207.56,336.0,142.65,216.63,,,auto-fetched
101,final,2026-09-16 02:35:03,2.1,0.89,1.12,1.6,,,auto-fetched
102,final,2026-09-16 02:35:03,12.59,30.91,17.58,16.99,,,auto-fetched
103,final,2026-09-16 02:35:03,3.86,0.86,1.0,2.36,,,auto-fetched
104,final,2026-09-16 02:35:03,100.18,74.08,0.0,87.17,,,auto-fetched
105,final,2026-09-16 02:35:03,297.67,476.59,224.91,315.36,,,auto-fetched
106,pre-apply,2026-09-16 02:35:03,2.42,0.45,0.0,1.43,,,auto-fetched
107,final,2026-09-16 02:35:03,168.63,393.63,122.04,203.74,,,auto-fetched
108,pre-apply,2026-09-16 02:35:03,0.3,1.0,5.41,1.09,,,auto-fetched
109,final,2026-09-16 02:35:03,1.76,3.4,0.0,5.64,,,auto-fetched
110,final,2026-09-16 02:35:03,2.09,1.88,1.0,1.74,,,auto-fetched
111,final,2026-09-16 02:35:03,71.44,145.98,123.94,102.42,,,auto-fetched
113,final,2026-09-16 02:35:03,2.92,1.3,15.94,2.26,,,auto-fetched
114,final,2026-09-16 02:35:03,27.79,63.93,26.46,35.15,,,auto-fetched
115,final,2026-09-16 02:35:03,0.66,0.7,21.33,1.12,,,auto-fetched
116,final,2026-09-16 02:35:03,0.38,12.05,3.58,6.27,,,auto-fetched
117,final,2026-09-16 02:35:03,2.8,0.34,1.0,1.57,,,auto-fetched
118,final,2026-09-16 02:35:03,11.34,24.12,124.39,21.47,,,auto-fetched
120,final,2026-09-16 02:35:03,70.89,81.54,101.08,80.87,,,auto-fetched
121,final,2026-09-16 02:35:03,216.64,404.76,137.99,234.63,,,auto-fetched
122,final,2026-09-16 02:35:03,0.77,1.24,17.0,1.2,,,auto-fetched
123,final,2026-09-16 02:35:03,0.7,1.47,1.75,1.19,,,auto-fetched
124,final,2026-09-16 02:35:03,47.27,120.16,98.23,77.45,,,auto-fetched
125,final,2026-09-16 02:35:03,37.41,79.38,32.5,44.91,,,auto-fetched
126,final,2026-09-16 02:35:03,0.76,2.45,1.31,1.28,,,auto-fetched
127,pre-apply,2026-09-16 02:35:03,3.74,4.96,1.02,3.22,,,auto-fetched
128,final,2026-09-16 02:35:03,0.36,1.5,1.95,1.06,,,auto-fetched
129,final,2026-09-16 02:35:03,185.1,362.12,81.95,193.91,,,auto-fetched
130,final,2026-09-16 02:35:03,0.66,2.12,3.2,1.7,,,auto-fetched
131,final,2026-09-16 02:35:03,0.85,1.88,96.24,2.27,,,auto-fetched
132,final,2026-09-16 02:35:03,1.82,1.17,1.38,1.55,,,auto-fetched
133,final,2026-09-16 02:35:03,100.24,236.61,99.96,129.33,,,auto-fetched
134,final,2026-09-16 02:35:03,0.69,1.57,1.13,1.13,,,auto-fetched
135,final,2026-09-16 02:35:03,0.59,2.12,0.0,1.35,,,auto-fetched
136,pre-apply,2026-09-16 02:35:03,1.15,1.56,1.0,1.14,,,auto-fetched
137,pre-apply,2026-09-16 02:35:03,0.63,1.58,2.03,1.24,,,auto-fetched
138,final,2026-09-16 02:35:03,1.61,5.05,8.29,4.26,,,auto-fetched
139,final,2026-09-16 02:35:03,2.43,1.16,14.98,2.05,,,auto-fetched
140,final,2026-09-16 02:35:03,367.59,606.02,153.01,357.37,,,auto-fetched
141,final,2026-09-16 02:35:03,96.52,175.72,49.16,100.07,,,auto-fetched
142,final,2026-09-16 02:35:03,5.88,12.49,2.24,6.25,,,auto-fetched
143,final,2026-09-16 02:35:03,2.35,0.39,0.0,1.37,,,auto-fetched
144,final,2026-09-16 02:35:03,4.09,7.91,5.95,5.44,,,auto-fetched
145,final,2026-09-16 02:35:03,16.51,41.0,2.92,17.94,,,auto-fetched
146,final,2026-09-16 02:35:03,8.99,25.41,6.57,11.85,,,auto-fetched
147,final,2026-09-16 02:35:03,20.8,24.49,21.05,22.33,,,auto-fetched
148,final,2026-09-16 02:35:03,93.11,202.98,85.24,114.47,,,auto-fetched
149,final,2026-09-16 02:35:03,15.74,37.57,11.32,19.16,,,auto-fetched
150,pre-apply,2026-09-16 02:35:03,2.12,1.52,1.12,1.63,,,auto-fetched
151,final,2026-09-16 02:35:03,1.86,0.23,0.0,1.04,,,auto-fetched
152,final,2026-09-16 02:35:03,133.16,308.23,117.97,166.72,,,auto-fetched
153,final,2026-09-16 02:35:03,2.19,2.08,1.01,1.83,,,auto-fetched
154,final,2026-09-16 02:35:03,16.49,38.88,4.0,17.75,,,auto-fetched
155,final,2026-09-16 02:35:03,1.62,1.98,1.08,1.54,,,auto-fetched
156,final,2026-09-16 02:35:03,3.73,9.3,3.33,5.43,,,auto-fetched
157,final,2026-09-16 02:35:03,54.21,135.37,63.31,74.27,,,auto-fetched
158,final,2026-09-16 02:35:03,1.08,0.42,1.6,1.1,,,auto-fetched
159,final,2026-09-16 02:35:03,2.88,1.24,1.0,2.21,,,auto-fetched
160,final,2026-09-16 02:35:03,2.58,1.08,1.0,1.82,,,auto-fetched
161,final,2026-09-16 02:35:03,14.1,24.67,14.69,16.53,,,auto-fetched
162,final,2026-09-16 02:35:03,96.13,164.59,94.94,110.49,,,auto-fetched
163,final,2026-09-16 02:35:03,0.44,1.92,0.0,1.25,,,auto-fetched
164,final,2026-09-16 02:35:03,137.52,219.02,54.97,131.82,,,auto-fetched
165,final,2026-09-16 02:35:03,101.28,160.95,71.09,105.54,,,auto-fetched
166,final,2026-09-16 02:35:03,0.99,0.91,0.0,0.95,,,auto-fetched
167,final,2026-09-16 02:35:03,1.51,0.91,1.03,1.33,,,auto-fetched
1,pre-apply,2026-09-16 02:38:18,,,,,0,,auto-fetched
2,pre-apply,2026-09-16 02:38:18,,,,,0,,auto-fetched
3,pre-apply,2026-09-16 02:38:18,,,,,208,,auto-fetched
4,day1,2026-09-16 02:38:18,,,,,24,,auto-fetched
5,day1,2026-09-16 02:38:18,,,,,140,,auto-fetched
6,day1,2026-09-16 02:38:18,,,,,27,,auto-fetched
7,day3,2026-09-16 02:38:18,12.16,11.3,0.82,8.74,11,,auto-fetched
8,final,2026-09-16 02:38:18,9.95,19.41,19.13,14.6,20,,auto-fetched
9,final,2026-09-16 02:38:18,3.39,15.69,52.65,20.1,17,,auto-fetched
10,final,2026-09-16 02:38:18,26.34,64.91,78.73,49.57,64,,auto-fetched
11,final,2026-09-16 02:38:18,13.98,51.17,168.19,66.01,71,,auto-fetched
12,final,2026-09-16 02:38:18,2.19,1.22,1.26,1.42,1,,auto-fetched
13,final,2026-09-16 02:38:18,15.62,67.93,177.29,72.89,160,,auto-fetched
14,final,2026-09-16 02:38:18,17.78,46.6,46.19,32.07,24,,auto-fetched
15,listing,2026-09-16 02:38:18,1.79,1.89,7.59,3.47,0,,auto-fetched
16,listing,2026-09-16 02:38:18,33.18,79.71,167.93,81.65,52,,auto-fetched
17,listing,2026-09-16 02:38:18,20.51,87.74,215.37,90.59,241,,auto-fetched
19,pre-apply,2026-09-16 02:38:18,,,,,0,,auto-fetched
20,pre-apply,2026-09-16 02:38:18,,,,,45,,auto-fetched
21,pre-apply,2026-09-16 02:38:18,,,,,0,,auto-fetched
22,pre-apply,2026-09-16 02:38:18,,,,,0,,auto-fetched
23,pre-apply,2026-09-16 02:38:18,,,,,44,,auto-fetched
24,pre-apply,2026-09-16 02:38:18,,,,,0,,auto-fetched
25,day2,2026-09-16 02:38:18,0.01,0.01,0.0,0.01,10,,auto-fetched
26,day2,2026-09-16 02:38:18,0.11,1.51,0.0,0.64,0,,auto-fetched
27,day2,2026-09-16 02:38:18,0.04,0.0,0.0,0.02,0,,auto-fetched
28,day3,2026-09-16 02:38:18,0.84,0.8,1.02,0.85,0,,auto-fetched
29,day3,2026-09-16 02:38:18,0.58,0.73,3.51,1.45,0,,auto-fetched
30,final,2026-09-16 02:38:18,2.42,0.39,0.0,1.4,21,,auto-fetched
31,final,2026-09-16 02:38:18,,,,,45,,auto-fetched
32,final,2026-09-16 02:38:18,0.56,1.04,5.17,1.98,0,,auto-fetched
33,final,2026-09-16 02:38:18,28.66,60.46,70.51,47.43,61,,auto-fetched
34,final,2026-09-16 02:38:18,2.91,0.3,0.0,1.6,1,,auto-fetched
35,final,2026-09-16 02:38:18,1.9,1.39,0.0,2.05,0,,auto-fetched
36,final,2026-09-16 02:38:18,28.93,32.32,15.07,25.7,7,,auto-fetched
37,final,2026-09-16 02:38:18,2.23,0.28,0.0,1.26,0,,auto-fetched
38,final,2026-09-16 02:38:18,19.65,40.32,48.82,32.41,,,auto-fetched
39,final,2026-09-16 02:38:18,447.13,699.59,299.6,459.22,,,auto-fetched
40,final,2026-09-16 02:38:18,3.65,0.58,0.0,2.12,,,auto-fetched
41,final,2026-09-16 02:38:18,0.59,1.73,0.0,1.16,,,auto-fetched
42,pre-apply,2026-09-16 02:38:18,99.16,200.85,143.93,144.65,,,auto-fetched
43,pre-apply,2026-09-16 02:38:18,20.76,42.41,4.31,20.79,,,auto-fetched
44,pre-apply,2026-09-16 02:38:18,125.72,195.53,130.97,142.17,,,auto-fetched
45,pre-apply,2026-09-16 02:38:18,372.61,286.73,83.89,789.07,,,auto-fetched
46,pre-apply,2026-09-16 02:38:18,1.57,2.66,7.34,3.45,,,auto-fetched
47,final,2026-09-16 02:38:18,311.83,318.11,224.32,288.23,,,auto-fetched
48,final,2026-09-16 02:38:18,158.88,270.67,121.28,162.88,,,auto-fetched
49,final,2026-09-16 02:38:18,2.3,0.74,1.01,1.5,,,auto-fetched
50,final,2026-09-16 02:38:18,1.69,0.29,8.37,1.44,,,auto-fetched
51,final,2026-09-16 02:38:18,3.08,0.24,1.0,1.65,,,auto-fetched
52,final,2026-09-16 02:38:18,2.91,0.27,0.0,1.59,,,auto-fetched
53,final,2026-09-16 02:38:18,176.05,311.97,169.54,203.36,,,auto-fetched
54,final,2026-09-16 02:38:18,11.01,22.89,9.44,13.11,,,auto-fetched
55,final,2026-09-16 02:38:18,3.36,0.72,1.06,2.04,,,auto-fetched
56,final,2026-09-16 02:38:18,138.86,216.97,130.4,153.13,,,auto-fetched
57,final,2026-09-16 02:38:18,2.64,0.2,0.0,1.42,,,auto-fetched
58,final,2026-09-16 02:38:18,3.49,4.96,3.66,3.87,,,auto-fetched
59,final,2026-09-16 02:38:18,2.62,2.17,0.0,2.4,,,auto-fetched
60,final,2026-09-16 02:38:18,1.37,1.06,22.74,1.48,,,auto-fetched
61,final,2026-09-16 02:38:18,2.26,1.85,1.84,2.05,,,auto-fetched
62,final,2026-09-16 02:38:18,387.66,433.25,200.23,344.25,,,auto-fetched
63,final,2026-09-16 02:38:18,25.59,48.05,23.88,29.91,,,auto-fetched
64,final,2026-09-16 02:38:18,104.22,233.36,164.56,149.13,,,auto-fetched
65,pre-apply,2026-09-16 02:38:18,168.69,272.79,91.55,169.26,,,auto-fetched
66,pre-apply,2026-09-16 02:38:18,1.8,1.47,1.0,1.5,,,auto-fetched
67,pre-apply,2026-09-16 02:38:18,1.84,2.4,1.05,1.73,,,auto-fetched
68,pre-apply,2026-09-16 02:38:18,40.36,75.35,56.38,49.99,,,auto-fetched
69,final,2026-09-16 02:38:18,6.74,11.83,2.81,6.65,,,auto-fetched
70,final,2026-09-16 02:38:18,247.58,463.43,206.46,278.83,,,auto-fetched
71,final,2026-09-16 02:38:18,1.77,1.38,1.37,1.53,,,auto-fetched
72,final,2026-09-16 02:38:18,2.68,0.43,0.0,1.55,,,auto-fetched
73,final,2026-09-16 02:38:18,1.41,3.19,1.81,1.91,,,auto-fetched
74,final,2026-09-16 02:38:18,228.24,249.47,113.55,200.34,,,auto-fetched
75,final,2026-09-16 02:38:18,7.0,17.07,4.58,8.47,,,auto-fetched
76,final,2026-09-16 02:38:18,18.83,2.86,0.0,10.85,,,auto-fetched
77,final,2026-09-16 02:38:18,3.78,6.05,2.82,3.99,,,auto-fetched
78,final,2026-09-16 02:38:18,216.6,260.37,194.05,219.54,,,auto-fetched
79,final,2026-09-16 02:38:18,73.25,113.6,59.01,77.81,,,auto-fetched
80,final,2026-09-16 02:38:18,244.08,261.22,168.56,220.35,,,auto-fetched
81,final,2026-09-16 02:38:18,372.5,764.38,241.75,420.09,,,auto-fetched
82,pre-apply,2026-09-16 02:38:18,0.32,1.81,0.0,1.37,,,auto-fetched
83,pre-apply,2026-09-16 02:38:18,2.18,0.8,1.0,1.62,,,auto-fetched
84,pre-apply,2026-09-16 02:38:18,1.52,4.08,17.19,3.62,,,auto-fetched
85,pre-apply,2026-09-16 02:38:18,4.65,10.11,1.55,4.95,,,auto-fetched
86,pre-apply,2026-09-16 02:38:18,218.48,324.64,145.82,220.71,,,auto-fetched
87,pre-apply,2026-09-16 02:38:18,11.3,18.97,3.58,10.74,,,auto-fetched
88,pre-apply,2026-09-16 02:38:18,0.84,1.41,22.47,1.35,,,auto-fetched
89,final,2026-09-16 02:38:18,1.26,1.08,4.75,1.21,,,auto-fetched
90,final,2026-09-16 02:38:18,0.22,1.57,0.0,0.93,,,auto-fetched
91,final,2026-09-16 02:38:18,5.71,14.58,2.51,6.7,,,auto-fetched
92,final,2026-09-16 02:38:18,2.6,2.49,1.23,2.18,,,auto-fetched
93,final,2026-09-16 02:38:18,0.44,0.09,20.33,1.32,,,auto-fetched
94,final,2026-09-16 02:38:18,401.21,597.23,196.77,385.24,,,auto-fetched
95,final,2026-09-16 02:38:18,71.76,153.95,119.19,103.06,,,auto-fetched
96,final,2026-09-16 02:38:18,3.14,2.63,0.0,2.88,,,auto-fetched
97,final,2026-09-16 02:38:18,0.84,5.1,20.32,2.7,,,auto-fetched
98,final,2026-09-16 02:38:18,2.97,0.85,0.0,1.91,,,auto-fetched
99,final,2026-09-16 02:38:18,308.3,450.74,186.72,304.11,,,auto-fetched
100,final,2026-09-16 02:38:18,207.56,336.0,142.65,216.63,,,auto-fetched
101,final,2026-09-16 02:38:18,2.1,0.89,1.12,1.6,,,auto-fetched
102,final,2026-09-16 02:38:18,12.59,30.91,17.58,16.99,,,auto-fetched
103,final,2026-09-16 02:38:18,3.86,0.86,1.0,2.36,,,auto-fetched
104,final,2026-09-16 02:38:18,100.18,74.08,0.0,87.17,,,auto-fetched
105,final,2026-09-16 02:38:18,297.67,476.59,224.91,315.36,,,auto-fetched
106,pre-apply,2026-09-16 02:38:18,2.42,0.45,0.0,1.43,,,auto-fetched
107,final,2026-09-16 02:38:18,168.63,393.63,122.04,203.74,,,auto-fetched
108,pre-apply,2026-09-16 02:38:18,0.3,1.0,5.41,1.09,,,auto-fetched
109,final,2026-09-16 02:38:18,1.76,3.4,0.0,5.64,,,auto-fetched
110,final,2026-09-16 02:38:18,2.09,1.88,1.0,1.74,,,auto-fetched
111,final,2026-09-16 02:38:18,71.44,145.98,123.94,102.42,,,auto-fetched
113,final,2026-09-16 02:38:18,2.92,1.3,15.94,2.26,,,auto-fetched
114,final,2026-09-16 02:38:18,27.79,63.93,26.46,35.15,,,auto-fetched
115,final,2026-09-16 02:38:18,0.66,0.7,21.33,1.12,,,auto-fetched
116,final,2026-09-16 02:38:18,0.38,12.05,3.58,6.27,,,auto-fetched
117,final,2026-09-16 02:38:18,2.8,0.34,1.0,1.57,,,auto-fetched
118,final,2026-09-16 02:38:18,11.34,24.12,124.39,21.47,,,auto-fetched
120,final,2026-09-16 02:38:18,70.89,81.54,101.08,80.87,,,auto-fetched
121,final,2026-09-16 02:38:18,216.64,404.76,137.99,234.63,,,auto-fetched
122,final,2026-09-16 02:38:18,0.77,1.24,17.0,1.2,,,auto-fetched
123,final,2026-09-16 02:38:18,0.7,1.47,1.75,1.19,,,auto-fetched
124,final,2026-09-16 02:38:18,47.27,120.16,98.23,77.45,,,auto-fetched
125,final,2026-09-16 02:38:18,37.41,79.38,32.5,44.91,,,auto-fetched
126,final,2026-09-16 02:38:18,0.76,2.45,1.31,1.28,,,auto-fetched
127,pre-apply,2026-09-16 02:38:18,3.74,4.96,1.02,3.22,,,auto-fetched
128,final,2026-09-16 02:38:18,0.36,1.5,1.95,1.06,,,auto-fetched
129,final,2026-09-16 02:38:18,185.1,362.12,81.95,193.91,,,auto-fetched
130,final,2026-09-16 02:38:18,0.66,2.12,3.2,1.7,,,auto-fetched
131,final,2026-09-16 02:38:18,0.85,1.88,96.24,2.27,,,auto-fetched
132,final,2026-09-16 02:38:18,1.82,1.17,1.38,1.55,,,auto-fetched
133,final,2026-09-16 02:38:18,100.24,236.61,99.96,129.33,,,auto-fetched
134,final,2026-09-16 02:38:18,0.69,1.57,1.13,1.13,,,auto-fetched
135,final,2026-09-16 02:38:18,0.59,2.12,0.0,1.35,,,auto-fetched
136,pre-apply,2026-09-16 02:38:18,1.15,1.56,1.0,1.14,,,auto-fetched
137,pre-apply,2026-09-16 02:38:18,0.63,1.58,2.03,1.24,,,auto-fetched
138,final,2026-09-16 02:38:18,1.61,5.05,8.29,4.26,,,auto-fetched
139,final,2026-09-16 02:38:18,2.43,1.16,14.98,2.05,,,auto-fetched
140,final,2026-09-16 02:38:18,367.59,606.02,153.01,357.37,,,auto-fetched
141,final,2026-09-16 02:38:18,96.52,175.72,49.16,100.07,,,auto-fetched
142,final,2026-09-16 02:38:18,5.88,12.49,2.24,6.25,,,auto-fetched
143,final,2026-09-16 02:38:18,2.35,0.39,0.0,1.37,,,auto-fetched
144,final,2026-09-16 02:38:18,4.09,7.91,5.95,5.44,,,auto-fetched
145,final,2026-09-16 02:38:18,16.51,41.0,2.92,17.94,,,auto-fetched
146,final,2026-09-16 02:38:18,8.99,25.41,6.57,11.85,,,auto-fetched
147,final,2026-09-16 02:38:18,20.8,24.49,21.05,22.33,,,auto-fetched
148,final,2026-09-16 02:38:18,93.11,202.98,85.24,114.47,,,auto-fetched
149,final,2026-09-16 02:38:18,15.74,37.57,11.32,19.16,,,auto-fetched
150,pre-apply,2026-09-16 02:38:18,2.12,1.52,1.12,1.63,,,auto-fetched
151,final,2026-09-16 02:38:18,1.86,0.23,0.0,1.04,,,auto-fetched
152,final,2026-09-16 02:38:18,133.16,308.23,117.97,166.72,,,auto-fetched
153,final,2026-09-16 02:38:18,2.19,2.08,1.01,1.83,,,auto-fetched
154,final,2026-09-16 02:38:18,16.49,38.88,4.0,17.75,,,auto-fetched
155,final,2026-09-16 02:38:18,1.62,1.98,1.08,1.54,,,auto-fetched
156,final,2026-09-16 02:38:18,3.73,9.3,3.33,5.43,,,auto-fetched
157,final,2026-09-16 02:38:18,54.21,135.37,63.31,74.27,,,auto-fetched
158,final,2026-09-16 02:38:18,1.08,0.42,1.6,1.1,,,auto-fetched
159,final,2026-09-16 02:38:18,2.88,1.24,1.0,2.21,,,auto-fetched
160,final,2026-09-16 02:38:18,2.58,1.08,1.0,1.82,,,auto-fetched
161,final,2026-09-16 02:38:18,14.1,24.67,14.69,16.53,,,auto-fetched
162,final,2026-09-16 02:38:18,96.13,164.59,94.94,110.49,,,auto-fetched
163,final,2026-09-16 02:38:18,0.44,1.92,0.0,1.25,,,auto-fetched
164,final,2026-09-16 02:38:18,137.52,219.02,54.97,131.82,,,auto-fetched
165,final,2026-09-16 02:38:18,101.28,160.95,71.09,105.54,,,auto-fetched
166,final,2026-09-16 02:38:18,0.99,0.91,0.0,0.95,,,auto-fetched
167,final,2026-09-16 02:38:18,1.51,0.91,1.03,1.33,,,auto-fetched
1,pre-apply,2026-09-16 02:38:41,,,,,0,,auto-fetched
2,pre-apply,2026-09-16 02:38:41,,,,,0,,auto-fetched
3,pre-apply,2026-09-16 02:38:41,,,,,208,,auto-fetched
4,day1,2026-09-16 02:38:41,,,,,24,,auto-fetched
5,day1,2026-09-16 02:38:41,,,,,140,,auto-fetched
6,day1,2026-09-16 02:38:41,,,,,27,,auto-fetched
7,day3,2026-09-16 02:38:41,12.16,11.3,0.82,8.74,11,,auto-fetched
8,final,2026-09-16 02:38:41,9.95,19.41,19.13,14.6,20,,auto-fetched
9,final,2026-09-16 02:38:41,3.39,15.69,52.65,20.1,17,,auto-fetched
10,final,2026-09-16 02:38:41,26.34,64.91,78.73,49.57,64,,auto-fetched
11,final,2026-09-16 02:38:41,13.98,51.17,168.19,66.01,71,,auto-fetched
12,final,2026-09-16 02:38:41,2.19,1.22,1.26,1.42,1,,auto-fetched
13,final,2026-09-16 02:38:41,15.62,67.93,177.29,72.89,160,,auto-fetched
14,final,2026-09-16 02:38:41,17.78,46.6,46.19,32.07,24,,auto-fetched
15,listing,2026-09-16 02:38:41,1.79,1.89,7.59,3.47,0,,auto-fetched
16,listing,2026-09-16 02:38:41,33.18,79.71,167.93,81.65,52,,auto-fetched
17,listing,2026-09-16 02:38:41,20.51,87.74,215.37,90.59,241,,auto-fetched
19,pre-apply,2026-09-16 02:38:41,,,,,0,,auto-fetched
20,pre-apply,2026-09-16 02:38:41,,,,,45,,auto-fetched
21,pre-apply,2026-09-16 02:38:41,,,,,0,,auto-fetched
22,pre-apply,2026-09-16 02:38:41,,,,,0,,auto-fetched
23,pre-apply,2026-09-16 02:38:41,,,,,44,,auto-fetched
24,pre-apply,2026-09-16 02:38:41,,,,,0,,auto-fetched
25,day2,2026-09-16 02:38:41,0.01,0.01,0.0,0.01,10,,auto-fetched
26,day2,2026-09-16 02:38:41,0.11,1.51,0.0,0.64,0,,auto-fetched
27,day2,2026-09-16 02:38:41,0.04,0.0,0.0,0.02,0,,auto-fetched
28,day3,2026-09-16 02:38:41,0.84,0.8,1.02,0.85,0,,auto-fetched
29,day3,2026-09-16 02:38:41,0.58,0.73,3.51,1.45,0,,auto-fetched
30,final,2026-09-16 02:38:41,2.42,0.39,0.0,1.4,21,,auto-fetched
31,final,2026-09-16 02:38:41,,,,,45,,auto-fetched
32,final,2026-09-16 02:38:41,0.56,1.04,5.17,1.98,0,,auto-fetched
33,final,2026-09-16 02:38:41,28.66,60.46,70.51,47.43,61,,auto-fetched
34,final,2026-09-16 02:38:41,2.91,0.3,0.0,1.6,1,,auto-fetched
35,final,2026-09-16 02:38:41,1.9,1.39,0.0,2.05,0,,auto-fetched
36,final,2026-09-16 02:38:41,28.93,32.32,15.07,25.7,7,,auto-fetched
37,final,2026-09-16 02:38:41,2.23,0.28,0.0,1.26,0,,auto-fetched
38,final,2026-09-16 02:38:41,19.65,40.32,48.82,32.41,,,auto-fetched
39,final,2026-09-16 02:38:41,447.13,699.59,299.6,459.22,,,auto-fetched
40,final,2026-09-16 02:38:41,3.65,0.58,0.0,2.12,,,auto-fetched
41,final,2026-09-16 02:38:41,0.59,1.73,0.0,1.16,,,auto-fetched
42,pre-apply,2026-09-16 02:38:41,99.16,200.85,143.93,144.65,,,auto-fetched
43,pre-apply,2026-09-16 02:38:41,20.76,42.41,4.31,20.79,,,auto-fetched
44,pre-apply,2026-09-16 02:38:41,125.72,195.53,130.97,142.17,,,auto-fetched
45,pre-apply,2026-09-16 02:38:41,372.61,286.73,83.89,789.07,,,auto-fetched
46,pre-apply,2026-09-16 02:38:41,1.57,2.66,7.34,3.45,,,auto-fetched
47,final,2026-09-16 02:38:41,311.83,318.11,224.32,288.23,,,auto-fetched
48,final,2026-09-16 02:38:41,158.88,270.67,121.28,162.88,,,auto-fetched
49,final,2026-09-16 02:38:41,2.3,0.74,1.01,1.5,,,auto-fetched
50,final,2026-09-16 02:38:41,1.69,0.29,8.37,1.44,,,auto-fetched
51,final,2026-09-16 02:38:41,3.08,0.24,1.0,1.65,,,auto-fetched
52,final,2026-09-16 02:38:41,2.91,0.27,0.0,1.59,,,auto-fetched
53,final,2026-09-16 02:38:41,176.05,311.97,169.54,203.36,,,auto-fetched
54,final,2026-09-16 02:38:41,11.01,22.89,9.44,13.11,,,auto-fetched
55,final,2026-09-16 02:38:41,3.36,0.72,1.06,2.04,,,auto-fetched
56,final,2026-09-16 02:38:41,138.86,216.97,130.4,153.13,,,auto-fetched
57,final,2026-09-16 02:38:41,2.64,0.2,0.0,1.42,,,auto-fetched
58,final,2026-09-16 02:38:41,3.49,4.96,3.66,3.87,,,auto-fetched
59,final,2026-09-16 02:38:41,2.62,2.17,0.0,2.4,,,auto-fetched
60,final,2026-09-16 02:38:41,1.37,1.06,22.74,1.48,,,auto-fetched
61,final,2026-09-16 02:38:41,2.26,1.85,1.84,2.05,,,auto-fetched
62,final,2026-09-16 02:38:41,387.66,433.25,200.23,344.25,,,auto-fetched
63,final,2026-09-16 02:38:41,25.59,48.05,23.88,29.91,,,auto-fetched
64,final,2026-09-16 02:38:41,104.22,233.36,164.56,149.13,,,auto-fetched
65,pre-apply,2026-09-16 02:38:41,168.69,272.79,91.55,169.26,,,auto-fetched
66,pre-apply,2026-09-16 02:38:41,1.8,1.47,1.0,1.5,,,auto-fetched
67,pre-apply,2026-09-16 02:38:41,1.84,2.4,1.05,1.73,,,auto-fetched
68,pre-apply,2026-09-16 02:38:41,40.36,75.35,56.38,49.99,,,auto-fetched
69,final,2026-09-16 02:38:41,6.74,11.83,2.81,6.65,,,auto-fetched
70,final,2026-09-16 02:38:41,247.58,463.43,206.46,278.83,,,auto-fetched
71,final,2026-09-16 02:38:41,1.77,1.38,1.37,1.53,,,auto-fetched
72,final,2026-09-16 02:38:41,2.68,0.43,0.0,1.55,,,auto-fetched
73,final,2026-09-16 02:38:41,1.41,3.19,1.81,1.91,,,auto-fetched
74,final,2026-09-16 02:38:41,228.24,249.47,113.55,200.34,,,auto-fetched
75,final,2026-09-16 02:38:41,7.0,17.07,4.58,8.47,,,auto-fetched
76,final,2026-09-16 02:38:41,18.83,2.86,0.0,10.85,,,auto-fetched
77,final,2026-09-16 02:38:41,3.78,6.05,2.82,3.99,,,auto-fetched
78,final,2026-09-16 02:38:41,216.6,260.37,194.05,219.54,,,auto-fetched
79,final,2026-09-16 02:38:41,73.25,113.6,59.01,77.81,,,auto-fetched
80,final,2026-09-16 02:38:41,244.08,261.22,168.56,220.35,,,auto-fetched
81,final,2026-09-16 02:38:41,372.5,764.38,241.75,420.09,,,auto-fetched
82,pre-apply,2026-09-16 02:38:41,0.32,1.81,0.0,1.37,,,auto-fetched
83,pre-apply,2026-09-16 02:38:41,2.18,0.8,1.0,1.62,,,auto-fetched
84,pre-apply,2026-09-16 02:38:41,1.52,4.08,17.19,3.62,,,auto-fetched
85,pre-apply,2026-09-16 02:38:41,4.65,10.11,1.55,4.95,,,auto-fetched
86,pre-apply,2026-09-16 02:38:41,218.48,324.64,145.82,220.71,,,auto-fetched
87,pre-apply,2026-09-16 02:38:41,11.3,18.97,3.58,10.74,,,auto-fetched
88,pre-apply,2026-09-16 02:38:41,0.84,1.41,22.47,1.35,,,auto-fetched
89,final,2026-09-16 02:38:41,1.26,1.08,4.75,1.21,,,auto-fetched
90,final,2026-09-16 02:38:41,0.22,1.57,0.0,0.93,,,auto-fetched
91,final,2026-09-16 02:38:41,5.71,14.58,2.51,6.7,,,auto-fetched
92,final,2026-09-16 02:38:41,2.6,2.49,1.23,2.18,,,auto-fetched
93,final,2026-09-16 02:38:41,0.44,0.09,20.33,1.32,,,auto-fetched
94,final,2026-09-16 02:38:41,401.21,597.23,196.77,385.24,,,auto-fetched
95,final,2026-09-16 02:38:41,71.76,153.95,119.19,103.06,,,auto-fetched
96,final,2026-09-16 02:38:41,3.14,2.63,0.0,2.88,,,auto-fetched
97,final,2026-09-16 02:38:41,0.84,5.1,20.32,2.7,,,auto-fetched
98,final,2026-09-16 02:38:41,2.97,0.85,0.0,1.91,,,auto-fetched
99,final,2026-09-16 02:38:41,308.3,450.74,186.72,304.11,,,auto-fetched
100,final,2026-09-16 02:38:41,207.56,336.0,142.65,216.63,,,auto-fetched
101,final,2026-09-16 02:38:41,2.1,0.89,1.12,1.6,,,auto-fetched
102,final,2026-09-16 02:38:41,12.59,30.91,17.58,16.99,,,auto-fetched
103,final,2026-09-16 02:38:41,3.86,0.86,1.0,2.36,,,auto-fetched
104,final,2026-09-16 02:38:41,100.18,74.08,0.0,87.17,,,auto-fetched
105,final,2026-09-16 02:38:41,297.67,476.59,224.91,315.36,,,auto-fetched
106,pre-apply,2026-09-16 02:38:41,2.42,0.45,0.0,1.43,,,auto-fetched
107,final,2026-09-16 02:38:41,168.63,393.63,122.04,203.74,,,auto-fetched
108,pre-apply,2026-09-16 02:38:41,0.3,1.0,5.41,1.09,,,auto-fetched
109,final,2026-09-16 02:38:41,1.76,3.4,0.0,5.64,,,auto-fetched
110,final,2026-09-16 02:38:41,2.09,1.88,1.0,1.74,,,auto-fetched
111,final,2026-09-16 02:38:41,71.44,145.98,123.94,102.42,,,auto-fetched
113,final,2026-09-16 02:38:41,2.92,1.3,15.94,2.26,,,auto-fetched
114,final,2026-09-16 02:38:41,27.79,63.93,26.46,35.15,,,auto-fetched
115,final,2026-09-16 02:38:41,0.66,0.7,21.33,1.12,,,auto-fetched
116,final,2026-09-16 02:38:41,0.38,12.05,3.58,6.27,,,auto-fetched
117,final,2026-09-16 02:38:41,2.8,0.34,1.0,1.57,,,auto-fetched
118,final,2026-09-16 02:38:41,11.34,24.12,124.39,21.47,,,auto-fetched
120,final,2026-09-16 02:38:41,70.89,81.54,101.08,80.87,,,auto-fetched
121,final,2026-09-16 02:38:41,216.64,404.76,137.99,234.63,,,auto-fetched
122,final,2026-09-16 02:38:41,0.77,1.24,17.0,1.2,,,auto-fetched
123,final,2026-09-16 02:38:41,0.7,1.47,1.75,1.19,,,auto-fetched
124,final,2026-09-16 02:38:41,47.27,120.16,98.23,77.45,,,auto-fetched
125,final,2026-09-16 02:38:41,37.41,79.38,32.5,44.91,,,auto-fetched
126,final,2026-09-16 02:38:41,0.76,2.45,1.31,1.28,,,auto-fetched
127,pre-apply,2026-09-16 02:38:41,3.74,4.96,1.02,3.22,,,auto-fetched
128,final,2026-09-16 02:38:41,0.36,1.5,1.95,1.06,,,auto-fetched
129,final,2026-09-16 02:38:41,185.1,362.12,81.95,193.91,,,auto-fetched
130,final,2026-09-16 02:38:41,0.66,2.12,3.2,1.7,,,auto-fetched
131,final,2026-09-16 02:38:41,0.85,1.88,96.24,2.27,,,auto-fetched
132,final,2026-09-16 02:38:41,1.82,1.17,1.38,1.55,,,auto-fetched
133,final,2026-09-16 02:38:41,100.24,236.61,99.96,129.33,,,auto-fetched
134,final,2026-09-16 02:38:41,0.69,1.57,1.13,1.13,,,auto-fetched
135,final,2026-09-16 02:38:41,0.59,2.12,0.0,1.35,,,auto-fetched
136,pre-apply,2026-09-16 02:38:41,1.15,1.56,1.0,1.14,,,auto-fetched
137,pre-apply,2026-09-16 02:38:41,0.63,1.58,2.03,1.24,,,auto-fetched
138,final,2026-09-16 02:38:41,1.61,5.05,8.29,4.26,,,auto-fetched
139,final,2026-09-16 02:38:41,2.43,1.16,14.98,2.05,,,auto-fetched
140,final,2026-09-16 02:38:41,367.59,606.02,153.01,357.37,,,auto-fetched
141,final,2026-09-16 02:38:41,96.52,175.72,49.16,100.07,,,auto-fetched
142,final,2026-09-16 02:38:41,5.88,12.49,2.24,6.25,,,auto-fetched
143,final,2026-09-16 02:38:41,2.35,0.39,0.0,1.37,,,auto-fetched
144,final,2026-09-16 02:38:41,4.09,7.91,5.95,5.44,,,auto-fetched
145,final,2026-09-16 02:38:41,16.51,41.0,2.92,17.94,,,auto-fetched
146,final,2026-09-16 02:38:41,8.99,25.41,6.57,11.85,,,auto-fetched
147,final,2026-09-16 02:38:41,20.8,24.49,21.05,22.33,,,auto-fetched
148,final,2026-09-16 02:38:41,93.11,202.98,85.24,114.47,,,auto-fetched
149,final,2026-09-16 02:38:41,15.74,37.57,11.32,19.16,,,auto-fetched
150,pre-apply,2026-09-16 02:38:41,2.12,1.52,1.12,1.63,,,auto-fetched
151,final,2026-09-16 02:38:41,1.86,0.23,0.0,1.04,,,auto-fetched
152,final,2026-09-16 02:38:41,133.16,308.23,117.97,166.72,,,auto-fetched
153,final,2026-09-16 02:38:41,2.19,2.08,1.01,1.83,,,auto-fetched
154,final,2026-09-16 02:38:41,16.49,38.88,4.0,17.75,,,auto-fetched
155,final,2026-09-16 02:38:41,1.62,1.98,1.08,1.54,,,auto-fetched
156,final,2026-09-16 02:38:41,3.73,9.3,3.33,5.43,,,auto-fetched
157,final,2026-09-16 02:38:41,54.21,135.37,63.31,74.27,,,auto-fetched
158,final,2026-09-16 02:38:41,1.08,0.42,1.6,1.1,,,auto-fetched
159,final,2026-09-16 02:38:41,2.88,1.24,1.0,2.21,,,auto-fetched
160,final,2026-09-16 02:38:41,2.58,1.08,1.0,1.82,,,auto-fetched
161,final,2026-09-16 02:38:41,14.1,24.67,14.69,16.53,,,auto-fetched
162,final,2026-09-16 02:38:41,96.13,164.59,94.94,110.49,,,auto-fetched
163,final,2026-09-16 02:38:41,0.44,1.92,0.0,1.25,,,auto-fetched
164,final,2026-09-16 02:38:41,137.52,219.02,54.97,131.82,,,auto-fetched
165,final,2026-09-16 02:38:41,101.28,160.95,71.09,105.54,,,auto-fetched
166,final,2026-09-16 02:38:41,0.99,0.91,0.0,0.95,,,auto-fetched
167,final,2026-09-16 02:38:41,1.51,0.91,1.03,1.33,,,auto-fetched
1,pre-apply,2026-09-16 02:47:11,,,,,0,,auto-fetched
2,pre-apply,2026-09-16 02:47:11,,,,,0,,auto-fetched
3,pre-apply,2026-09-16 02:47:11,,,,,208,,auto-fetched
4,day1,2026-09-16 02:47:11,,,,,24,,auto-fetched
5,day1,2026-09-16 02:47:11,,,,,140,,auto-fetched
6,day1,2026-09-16 02:47:11,,,,,27,,auto-fetched
7,day3,2026-09-16 02:47:11,12.16,11.3,0.82,8.74,11,,auto-fetched
8,final,2026-09-16 02:47:11,9.95,19.41,19.13,14.6,20,,auto-fetched
9,final,2026-09-16 02:47:11,3.39,15.69,52.65,20.1,17,,auto-fetched
10,final,2026-09-16 02:47:11,26.34,64.91,78.73,49.57,64,,auto-fetched
11,final,2026-09-16 02:47:11,13.98,51.17,168.19,66.01,71,,auto-fetched
12,final,2026-09-16 02:47:11,2.19,1.22,1.26,1.42,1,,auto-fetched
13,final,2026-09-16 02:47:11,15.62,67.93,177.29,72.89,160,,auto-fetched
14,final,2026-09-16 02:47:11,17.78,46.6,46.19,32.07,24,,auto-fetched
15,listing,2026-09-16 02:47:11,1.79,1.89,7.59,3.47,0,,auto-fetched
16,listing,2026-09-16 02:47:11,33.18,79.71,167.93,81.65,52,,auto-fetched
17,listing,2026-09-16 02:47:11,20.51,87.74,215.37,90.59,241,,auto-fetched
19,pre-apply,2026-09-16 02:47:11,,,,,0,,auto-fetched
20,pre-apply,2026-09-16 02:47:11,,,,,45,,auto-fetched
21,pre-apply,2026-09-16 02:47:11,,,,,0,,auto-fetched
22,pre-apply,2026-09-16 02:47:11,,,,,0,,auto-fetched
23,pre-apply,2026-09-16 02:47:11,,,,,44,,auto-fetched
24,pre-apply,2026-09-16 02:47:11,,,,,0,,auto-fetched
25,day2,2026-09-16 02:47:11,0.01,0.01,0.0,0.01,10,,auto-fetched
26,day2,2026-09-16 02:47:11,0.11,1.51,0.0,0.64,0,,auto-fetched
27,day2,2026-09-16 02:47:11,0.04,0.0,0.0,0.02,0,,auto-fetched
28,day3,2026-09-16 02:47:11,0.84,0.8,1.02,0.85,0,,auto-fetched
29,day3,2026-09-16 02:47:11,0.58,0.73,3.51,1.45,0,,auto-fetched
30,final,2026-09-16 02:47:11,2.42,0.39,0.0,1.4,21,,auto-fetched
31,final,2026-09-16 02:47:11,,,,,45,,auto-fetched
32,final,2026-09-16 02:47:11,0.56,1.04,5.17,1.98,0,,auto-fetched
33,final,2026-09-16 02:47:11,28.66,60.46,70.51,47.43,61,,auto-fetched
34,final,2026-09-16 02:47:11,2.91,0.3,0.0,1.6,1,,auto-fetched
35,final,2026-09-16 02:47:11,1.9,1.39,0.0,2.05,0,,auto-fetched
36,final,2026-09-16 02:47:11,28.93,32.32,15.07,25.7,7,,auto-fetched
37,final,2026-09-16 02:47:11,2.23,0.28,0.0,1.26,0,,auto-fetched
38,final,2026-09-16 02:47:11,19.65,40.32,48.82,32.41,,,auto-fetched
39,final,2026-09-16 02:47:11,447.13,699.59,299.6,459.22,,,auto-fetched
40,final,2026-09-16 02:47:11,3.65,0.58,0.0,2.12,,,auto-fetched
41,final,2026-09-16 02:47:11,0.59,1.73,0.0,1.16,,,auto-fetched
42,pre-apply,2026-09-16 02:47:11,99.16,200.85,143.93,144.65,,,auto-fetched
43,pre-apply,2026-09-16 02:47:11,20.76,42.41,4.31,20.79,,,auto-fetched
44,pre-apply,2026-09-16 02:47:11,125.72,195.53,130.97,142.17,,,auto-fetched
45,pre-apply,2026-09-16 02:47:11,372.61,286.73,83.89,789.07,,,auto-fetched
46,pre-apply,2026-09-16 02:47:11,1.57,2.66,7.34,3.45,,,auto-fetched
47,final,2026-09-16 02:47:11,311.83,318.11,224.32,288.23,,,auto-fetched
48,final,2026-09-16 02:47:11,158.88,270.67,121.28,162.88,,,auto-fetched
49,final,2026-09-16 02:47:11,2.3,0.74,1.01,1.5,,,auto-fetched
50,final,2026-09-16 02:47:11,1.69,0.29,8.37,1.44,,,auto-fetched
51,final,2026-09-16 02:47:11,3.08,0.24,1.0,1.65,,,auto-fetched
52,final,2026-09-16 02:47:11,2.91,0.27,0.0,1.59,,,auto-fetched
53,final,2026-09-16 02:47:11,176.05,311.97,169.54,203.36,,,auto-fetched
54,final,2026-09-16 02:47:11,11.01,22.89,9.44,13.11,,,auto-fetched
55,final,2026-09-16 02:47:11,3.36,0.72,1.06,2.04,,,auto-fetched
56,final,2026-09-16 02:47:11,138.86,216.97,130.4,153.13,,,auto-fetched
57,final,2026-09-16 02:47:11,2.64,0.2,0.0,1.42,,,auto-fetched
58,final,2026-09-16 02:47:11,3.49,4.96,3.66,3.87,,,auto-fetched
59,final,2026-09-16 02:47:11,2.62,2.17,0.0,2.4,,,auto-fetched
60,final,2026-09-16 02:47:11,1.37,1.06,22.74,1.48,,,auto-fetched
61,final,2026-09-16 02:47:11,2.26,1.85,1.84,2.05,,,auto-fetched
62,final,2026-09-16 02:47:11,387.66,433.25,200.23,344.25,,,auto-fetched
63,final,2026-09-16 02:47:11,25.59,48.05,23.88,29.91,,,auto-fetched
64,final,2026-09-16 02:47:11,104.22,233.36,164.56,149.13,,,auto-fetched
65,pre-apply,2026-09-16 02:47:11,168.69,272.79,91.55,169.26,,,auto-fetched
66,pre-apply,2026-09-16 02:47:11,1.8,1.47,1.0,1.5,,,auto-fetched
67,pre-apply,2026-09-16 02:47:11,1.84,2.4,1.05,1.73,,,auto-fetched
68,pre-apply,2026-09-16 02:47:11,40.36,75.35,56.38,49.99,,,auto-fetched
69,final,2026-09-16 02:47:11,6.74,11.83,2.81,6.65,,,auto-fetched
70,final,2026-09-16 02:47:11,247.58,463.43,206.46,278.83,,,auto-fetched
71,final,2026-09-16 02:47:11,1.77,1.38,1.37,1.53,,,auto-fetched
72,final,2026-09-16 02:47:11,2.68,0.43,0.0,1.55,,,auto-fetched
73,final,2026-09-16 02:47:11,1.41,3.19,1.81,1.91,,,auto-fetched
74,final,2026-09-16 02:47:11,228.24,249.47,113.55,200.34,,,auto-fetched
75,final,2026-09-16 02:47:11,7.0,17.07,4.58,8.47,,,auto-fetched
76,final,2026-09-16 02:47:11,18.83,2.86,0.0,10.85,,,auto-fetched
77,final,2026-09-16 02:47:11,3.78,6.05,2.82,3.99,,,auto-fetched
78,final,2026-09-16 02:47:11,216.6,260.37,194.05,219.54,,,auto-fetched
79,final,2026-09-16 02:47:11,73.25,113.6,59.01,77.81,,,auto-fetched
80,final,2026-09-16 02:47:11,244.08,261.22,168.56,220.35,,,auto-fetched
81,final,2026-09-16 02:47:11,372.5,764.38,241.75,420.09,,,auto-fetched
82,pre-apply,2026-09-16 02:47:11,0.32,1.81,0.0,1.37,,,auto-fetched
83,pre-apply,2026-09-16 02:47:11,2.18,0.8,1.0,1.62,,,auto-fetched
84,pre-apply,2026-09-16 02:47:11,1.52,4.08,17.19,3.62,,,auto-fetched
85,pre-apply,2026-09-16 02:47:11,4.65,10.11,1.55,4.95,,,auto-fetched
86,pre-apply,2026-09-16 02:47:11,218.48,324.64,145.82,220.71,,,auto-fetched
87,pre-apply,2026-09-16 02:47:11,11.3,18.97,3.58,10.74,,,auto-fetched
88,pre-apply,2026-09-16 02:47:11,0.84,1.41,22.47,1.35,,,auto-fetched
89,final,2026-09-16 02:47:11,1.26,1.08,4.75,1.21,,,auto-fetched
90,final,2026-09-16 02:47:11,0.22,1.57,0.0,0.93,,,auto-fetched
91,final,2026-09-16 02:47:11,5.71,14.58,2.51,6.7,,,auto-fetched
92,final,2026-09-16 02:47:11,2.6,2.49,1.23,2.18,,,auto-fetched
93,final,2026-09-16 02:47:11,0.44,0.09,20.33,1.32,,,auto-fetched
94,final,2026-09-16 02:47:11,401.21,597.23,196.77,385.24,,,auto-fetched
95,final,2026-09-16 02:47:11,71.76,153.95,119.19,103.06,,,auto-fetched
96,final,2026-09-16 02:47:11,3.14,2.63,0.0,2.88,,,auto-fetched
97,final,2026-09-16 02:47:11,0.84,5.1,20.32,2.7,,,auto-fetched
98,final,2026-09-16 02:47:11,2.97,0.85,0.0,1.91,,,auto-fetched
99,final,2026-09-16 02:47:11,308.3,450.74,186.72,304.11,,,auto-fetched
100,final,2026-09-16 02:47:11,207.56,336.0,142.65,216.63,,,auto-fetched
101,final,2026-09-16 02:47:11,2.1,0.89,1.12,1.6,,,auto-fetched
102,final,2026-09-16 02:47:11,12.59,30.91,17.58,16.99,,,auto-fetched
103,final,2026-09-16 02:47:11,3.86,0.86,1.0,2.36,,,auto-fetched
104,final,2026-09-16 02:47:11,100.18,74.08,0.0,87.17,,,auto-fetched
105,final,2026-09-16 02:47:11,297.67,476.59,224.91,315.36,,,auto-fetched
106,pre-apply,2026-09-16 02:47:11,2.42,0.45,0.0,1.43,,,auto-fetched
107,final,2026-09-16 02:47:11,168.63,393.63,122.04,203.74,,,auto-fetched
108,pre-apply,2026-09-16 02:47:11,0.3,1.0,5.41,1.09,,,auto-fetched
109,final,2026-09-16 02:47:11,1.76,3.4,0.0,5.64,,,auto-fetched
110,final,2026-09-16 02:47:11,2.09,1.88,1.0,1.74,,,auto-fetched
111,final,2026-09-16 02:47:11,71.44,145.98,123.94,102.42,,,auto-fetched
113,final,2026-09-16 02:47:11,2.92,1.3,15.94,2.26,,,auto-fetched
114,final,2026-09-16 02:47:11,27.79,63.93,26.46,35.15,,,auto-fetched
115,final,2026-09-16 02:47:11,0.66,0.7,21.33,1.12,,,auto-fetched
116,final,2026-09-16 02:47:11,0.38,12.05,3.58,6.27,,,auto-fetched
117,final,2026-09-16 02:47:11,2.8,0.34,1.0,1.57,,,auto-fetched
118,final,2026-09-16 02:47:11,11.34,24.12,124.39,21.47,,,auto-fetched
120,final,2026-09-16 02:47:11,70.89,81.54,101.08,80.87,,,auto-fetched
121,final,2026-09-16 02:47:11,216.64,404.76,137.99,234.63,,,auto-fetched
122,final,2026-09-16 02:47:11,0.77,1.24,17.0,1.2,,,auto-fetched
123,final,2026-09-16 02:47:11,0.7,1.47,1.75,1.19,,,auto-fetched
124,final,2026-09-16 02:47:11,47.27,120.16,98.23,77.45,,,auto-fetched
125,final,2026-09-16 02:47:11,37.41,79.38,32.5,44.91,,,auto-fetched
126,final,2026-09-16 02:47:11,0.76,2.45,1.31,1.28,,,auto-fetched
127,pre-apply,2026-09-16 02:47:11,3.74,4.96,1.02,3.22,,,auto-fetched
128,final,2026-09-16 02:47:11,0.36,1.5,1.95,1.06,,,auto-fetched
129,final,2026-09-16 02:47:11,185.1,362.12,81.95,193.91,,,auto-fetched
130,final,2026-09-16 02:47:11,0.66,2.12,3.2,1.7,,,auto-fetched
131,final,2026-09-16 02:47:11,0.85,1.88,96.24,2.27,,,auto-fetched
132,final,2026-09-16 02:47:11,1.82,1.17,1.38,1.55,,,auto-fetched
133,final,2026-09-16 02:47:11,100.24,236.61,99.96,129.33,,,auto-fetched
134,final,2026-09-16 02:47:11,0.69,1.57,1.13,1.13,,,auto-fetched
135,final,2026-09-16 02:47:11,0.59,2.12,0.0,1.35,,,auto-fetched
136,pre-apply,2026-09-16 02:47:11,1.15,1.56,1.0,1.14,,,auto-fetched
137,pre-apply,2026-09-16 02:47:11,0.63,1.58,2.03,1.24,,,auto-fetched
138,final,2026-09-16 02:47:11,1.61,5.05,8.29,4.26,,,auto-fetched
139,final,2026-09-16 02:47:11,2.43,1.16,14.98,2.05,,,auto-fetched
140,final,2026-09-16 02:47:11,367.59,606.02,153.01,357.37,,,auto-fetched
141,final,2026-09-16 02:47:11,96.52,175.72,49.16,100.07,,,auto-fetched
142,final,2026-09-16 02:47:11,5.88,12.49,2.24,6.25,,,auto-fetched
143,final,2026-09-16 02:47:11,2.35,0.39,0.0,1.37,,,auto-fetched
144,final,2026-09-16 02:47:11,4.09,7.91,5.95,5.44,,,auto-fetched
145,final,2026-09-16 02:47:11,16.51,41.0,2.92,17.94,,,auto-fetched
146,final,2026-09-16 02:47:11,8.99,25.41,6.57,11.85,,,auto-fetched
147,final,2026-09-16 02:47:11,20.8,24.49,21.05,22.33,,,auto-fetched
148,final,2026-09-16 02:47:11,93.11,202.98,85.24,114.47,,,auto-fetched
149,final,2026-09-16 02:47:11,15.74,37.57,11.32,19.16,,,auto-fetched
150,pre-apply,2026-09-16 02:47:11,2.12,1.52,1.12,1.63,,,auto-fetched
151,final,2026-09-16 02:47:11,1.86,0.23,0.0,1.04,,,auto-fetched
152,final,2026-09-16 02:47:11,133.16,308.23,117.97,166.72,,,auto-fetched
153,final,2026-09-16 02:47:11,2.19,2.08,1.01,1.83,,,auto-fetched
154,final,2026-09-16 02:47:11,16.49,38.88,4.0,17.75,,,auto-fetched
155,final,2026-09-16 02:47:11,1.62,1.98,1.08,1.54,,,auto-fetched
156,final,2026-09-16 02:47:11,3.73,9.3,3.33,5.43,,,auto-fetched
157,final,2026-09-16 02:47:11,54.21,135.37,63.31,74.27,,,auto-fetched
158,final,2026-09-16 02:47:11,1.08,0.42,1.6,1.1,,,auto-fetched
159,final,2026-09-16 02:47:11,2.88,1.24,1.0,2.21,,,auto-fetched
160,final,2026-09-16 02:47:11,2.58,1.08,1.0,1.82,,,auto-fetched
161,final,2026-09-16 02:47:11,14.1,24.67,14.69,16.53,,,auto-fetched
162,final,2026-09-16 02:47:11,96.13,164.59,94.94,110.49,,,auto-fetched
163,final,2026-09-16 02:47:11,0.44,1.92,0.0,1.25,,,auto-fetched
164,final,2026-09-16 02:47:11,137.52,219.02,54.97,131.82,,,auto-fetched
165,final,2026-09-16 02:47:11,101.28,160.95,71.09,105.54,,,auto-fetched
166,final,2026-09-16 02:47:11,0.99,0.91,0.0,0.95,,,auto-fetched
167,final,2026-09-16 02:47:11,1.51,0.91,1.03,1.33,,,auto-fetched
1,pre-apply,2026-09-16 02:48:01,,,,,0,,auto-fetched
2,pre-apply,2026-09-16 02:48:01,,,,,0,,auto-fetched
3,pre-apply,2026-09-16 02:48:01,,,,,208,,auto-fetched
4,day1,2026-09-16 02:48:01,,,,,24,,auto-fetched
5,day1,2026-09-16 02:48:01,,,,,140,,auto-fetched
6,day1,2026-09-16 02:48:01,,,,,27,,auto-fetched
7,day3,2026-09-16 02:48:01,12.16,11.3,0.82,8.74,11,,auto-fetched
8,final,2026-09-16 02:48:01,9.95,19.41,19.13,14.6,20,,auto-fetched
9,final,2026-09-16 02:48:01,3.39,15.69,52.65,20.1,17,,auto-fetched
10,final,2026-09-16 02:48:01,26.34,64.91,78.73,49.57,64,,auto-fetched
11,final,2026-09-16 02:48:01,13.98,51.17,168.19,66.01,71,,auto-fetched
12,final,2026-09-16 02:48:01,2.19,1.22,1.26,1.42,1,,auto-fetched
13,final,2026-09-16 02:48:01,15.62,67.93,177.29,72.89,160,,auto-fetched
14,final,2026-09-16 02:48:01,17.78,46.6,46.19,32.07,24,,auto-fetched
15,listing,2026-09-16 02:48:01,1.79,1.89,7.59,3.47,0,,auto-fetched
16,listing,2026-09-16 02:48:01,33.18,79.71,167.93,81.65,52,,auto-fetched
17,listing,2026-09-16 02:48:01,20.51,87.74,215.37,90.59,241,,auto-fetched
19,pre-apply,2026-09-16 02:48:01,,,,,0,,auto-fetched
20,pre-apply,2026-09-16 02:48:01,,,,,45,,auto-fetched
21,pre-apply,2026-09-16 02:48:01,,,,,0,,auto-fetched
22,pre-apply,2026-09-16 02:48:01,,,,,0,,auto-fetched
23,pre-apply,2026-09-16 02:48:01,,,,,44,,auto-fetched
24,pre-apply,2026-09-16 02:48:01,,,,,0,,auto-fetched
25,day2,2026-09-16 02:48:01,0.01,0.01,0.0,0.01,10,,auto-fetched
26,day2,2026-09-16 02:48:01,0.11,1.51,0.0,0.64,0,,auto-fetched
27,day2,2026-09-16 02:48:01,0.04,0.0,0.0,0.02,0,,auto-fetched
28,day3,2026-09-16 02:48:01,0.84,0.8,1.02,0.85,0,,auto-fetched
29,day3,2026-09-16 02:48:01,0.58,0.73,3.51,1.45,0,,auto-fetched
30,final,2026-09-16 02:48:01,2.42,0.39,0.0,1.4,21,,auto-fetched
31,final,2026-09-16 02:48:01,,,,,45,,auto-fetched
32,final,2026-09-16 02:48:01,0.56,1.04,5.17,1.98,0,,auto-fetched
33,final,2026-09-16 02:48:01,28.66,60.46,70.51,47.43,61,,auto-fetched
34,final,2026-09-16 02:48:01,2.91,0.3,0.0,1.6,1,,auto-fetched
35,final,2026-09-16 02:48:01,1.9,1.39,0.0,2.05,0,,auto-fetched
36,final,2026-09-16 02:48:01,28.93,32.32,15.07,25.7,7,,auto-fetched
37,final,2026-09-16 02:48:01,2.23,0.28,0.0,1.26,0,,auto-fetched
38,final,2026-09-16 02:48:01,19.65,40.32,48.82,32.41,,,auto-fetched
39,final,2026-09-16 02:48:01,447.13,699.59,299.6,459.22,,,auto-fetched
40,final,2026-09-16 02:48:01,3.65,0.58,0.0,2.12,,,auto-fetched
41,final,2026-09-16 02:48:01,0.59,1.73,0.0,1.16,,,auto-fetched
42,pre-apply,2026-09-16 02:48:01,99.16,200.85,143.93,144.65,,,auto-fetched
43,pre-apply,2026-09-16 02:48:01,20.76,42.41,4.31,20.79,,,auto-fetched
44,pre-apply,2026-09-16 02:48:01,125.72,195.53,130.97,142.17,,,auto-fetched
45,pre-apply,2026-09-16 02:48:01,372.61,286.73,83.89,789.07,,,auto-fetched
46,pre-apply,2026-09-16 02:48:01,1.57,2.66,7.34,3.45,,,auto-fetched
47,final,2026-09-16 02:48:01,311.83,318.11,224.32,288.23,,,auto-fetched
48,final,2026-09-16 02:48:01,158.88,270.67,121.28,162.88,,,auto-fetched
49,final,2026-09-16 02:48:01,2.3,0.74,1.01,1.5,,,auto-fetched
50,final,2026-09-16 02:48:01,1.69,0.29,8.37,1.44,,,auto-fetched
51,final,2026-09-16 02:48:01,3.08,0.24,1.0,1.65,,,auto-fetched
52,final,2026-09-16 02:48:01,2.91,0.27,0.0,1.59,,,auto-fetched
53,final,2026-09-16 02:48:01,176.05,311.97,169.54,203.36,,,auto-fetched
54,final,2026-09-16 02:48:01,11.01,22.89,9.44,13.11,,,auto-fetched
55,final,2026-09-16 02:48:01,3.36,0.72,1.06,2.04,,,auto-fetched
56,final,2026-09-16 02:48:01,138.86,216.97,130.4,153.13,,,auto-fetched
57,final,2026-09-16 02:48:01,2.64,0.2,0.0,1.42,,,auto-fetched
58,final,2026-09-16 02:48:01,3.49,4.96,3.66,3.87,,,auto-fetched
59,final,2026-09-16 02:48:01,2.62,2.17,0.0,2.4,,,auto-fetched
60,final,2026-09-16 02:48:01,1.37,1.06,22.74,1.48,,,auto-fetched
61,final,2026-09-16 02:48:01,2.26,1.85,1.84,2.05,,,auto-fetched
62,final,2026-09-16 02:48:01,387.66,433.25,200.23,344.25,,,auto-fetched
63,final,2026-09-16 02:48:01,25.59,48.05,23.88,29.91,,,auto-fetched
64,final,2026-09-16 02:48:01,104.22,233.36,164.56,149.13,,,auto-fetched
65,pre-apply,2026-09-16 02:48:01,168.69,272.79,91.55,169.26,,,auto-fetched
66,pre-apply,2026-09-16 02:48:01,1.8,1.47,1.0,1.5,,,auto-fetched
67,pre-apply,2026-09-16 02:48:01,1.84,2.4,1.05,1.73,,,auto-fetched
68,pre-apply,2026-09-16 02:48:01,40.36,75.35,56.38,49.99,,,auto-fetched
69,final,2026-09-16 02:48:01,6.74,11.83,2.81,6.65,,,auto-fetched
70,final,2026-09-16 02:48:01,247.58,463.43,206.46,278.83,,,auto-fetched
71,final,2026-09-16 02:48:01,1.77,1.38,1.37,1.53,,,auto-fetched
72,final,2026-09-16 02:48:01,2.68,0.43,0.0,1.55,,,auto-fetched
73,final,2026-09-16 02:48:01,1.41,3.19,1.81,1.91,,,auto-fetched
74,final,2026-09-16 02:48:01,228.24,249.47,113.55,200.34,,,auto-fetched
75,final,2026-09-16 02:48:01,7.0,17.07,4.58,8.47,,,auto-fetched
76,final,2026-09-16 02:48:01,18.83,2.86,0.0,10.85,,,auto-fetched
77,final,2026-09-16 02:48:01,3.78,6.05,2.82,3.99,,,auto-fetched
78,final,2026-09-16 02:48:01,216.6,260.37,194.05,219.54,,,auto-fetched
79,final,2026-09-16 02:48:01,73.25,113.6,59.01,77.81,,,auto-fetched
80,final,2026-09-16 02:48:01,244.08,261.22,168.56,220.35,,,auto-fetched
81,final,2026-09-16 02:48:01,372.5,764.38,241.75,420.09,,,auto-fetched
82,pre-apply,2026-09-16 02:48:01,0.32,1.81,0.0,1.37,,,auto-fetched
83,pre-apply,2026-09-16 02:48:01,2.18,0.8,1.0,1.62,,,auto-fetched
84,pre-apply,2026-09-16 02:48:01,1.52,4.08,17.19,3.62,,,auto-fetched
85,pre-apply,2026-09-16 02:48:01,4.65,10.11,1.55,4.95,,,auto-fetched
86,pre-apply,2026-09-16 02:48:01,218.48,324.64,145.82,220.71,,,auto-fetched
87,pre-apply,2026-09-16 02:48:01,11.3,18.97,3.58,10.74,,,auto-fetched
88,pre-apply,2026-09-16 02:48:01,0.84,1.41,22.47,1.35,,,auto-fetched
89,final,2026-09-16 02:48:01,1.26,1.08,4.75,1.21,,,auto-fetched
90,final,2026-09-16 02:48:01,0.22,1.57,0.0,0.93,,,auto-fetched
91,final,2026-09-16 02:48:01,5.71,14.58,2.51,6.7,,,auto-fetched
92,final,2026-09-16 02:48:01,2.6,2.49,1.23,2.18,,,auto-fetched
93,final,2026-09-16 02:48:01,0.44,0.09,20.33,1.32,,,auto-fetched
94,final,2026-09-16 02:48:01,401.21,597.23,196.77,385.24,,,auto-fetched
95,final,2026-09-16 02:48:01,71.76,153.95,119.19,103.06,,,auto-fetched
96,final,2026-09-16 02:48:01,3.14,2.63,0.0,2.88,,,auto-fetched
97,final,2026-09-16 02:48:01,0.84,5.1,20.32,2.7,,,auto-fetched
98,final,2026-09-16 02:48:01,2.97,0.85,0.0,1.91,,,auto-fetched
99,final,2026-09-16 02:48:01,308.3,450.74,186.72,304.11,,,auto-fetched
100,final,2026-09-16 02:48:01,207.56,336.0,142.65,216.63,,,auto-fetched
101,final,2026-09-16 02:48:01,2.1,0.89,1.12,1.6,,,auto-fetched
102,final,2026-09-16 02:48:01,12.59,30.91,17.58,16.99,,,auto-fetched
103,final,2026-09-16 02:48:01,3.86,0.86,1.0,2.36,,,auto-fetched
104,final,2026-09-16 02:48:01,100.18,74.08,0.0,87.17,,,auto-fetched
105,final,2026-09-16 02:48:01,297.67,476.59,224.91,315.36,,,auto-fetched
106,pre-apply,2026-09-16 02:48:01,2.42,0.45,0.0,1.43,,,auto-fetched
107,final,2026-09-16 02:48:01,168.63,393.63,122.04,203.74,,,auto-fetched
108,pre-apply,2026-09-16 02:48:01,0.3,1.0,5.41,1.09,,,auto-fetched
109,final,2026-09-16 02:48:01,1.76,3.4,0.0,5.64,,,auto-fetched
110,final,2026-09-16 02:48:01,2.09,1.88,1.0,1.74,,,auto-fetched
111,final,2026-09-16 02:48:01,71.44,145.98,123.94,102.42,,,auto-fetched
113,final,2026-09-16 02:48:01,2.92,1.3,15.94,2.26,,,auto-fetched
114,final,2026-09-16 02:48:01,27.79,63.93,26.46,35.15,,,auto-fetched
115,final,2026-09-16 02:48:01,0.66,0.7,21.33,1.12,,,auto-fetched
116,final,2026-09-16 02:48:01,0.38,12.05,3.58,6.27,,,auto-fetched
117,final,2026-09-16 02:48:01,2.8,0.34,1.0,1.57,,,auto-fetched
118,final,2026-09-16 02:48:01,11.34,24.12,124.39,21.47,,,auto-fetched
120,final,2026-09-16 02:48:01,70.89,81.54,101.08,80.87,,,auto-fetched
121,final,2026-09-16 02:48:01,216.64,404.76,137.99,234.63,,,auto-fetched
122,final,2026-09-16 02:48:01,0.77,1.24,17.0,1.2,,,auto-fetched
123,final,2026-09-16 02:48:01,0.7,1.47,1.75,1.19,,,auto-fetched
124,final,2026-09-16 02:48:01,47.27,120.16,98.23,77.45,,,auto-fetched
125,final,2026-09-16 02:48:01,37.41,79.38,32.5,44.91,,,auto-fetched
126,final,2026-09-16 02:48:01,0.76,2.45,1.31,1.28,,,auto-fetched
127,pre-apply,2026-09-16 02:48:01,3.74,4.96,1.02,3.22,,,auto-fetched
128,final,2026-09-16 02:48:01,0.36,1.5,1.95,1.06,,,auto-fetched
129,final,2026-09-16 02:48:01,185.1,362.12,81.95,193.91,,,auto-fetched
130,final,2026-09-16 02:48:01,0.66,2.12,3.2,1.7,,,auto-fetched
131,final,2026-09-16 02:48:01,0.85,1.88,96.24,2.27,,,auto-fetched
132,final,2026-09-16 02:48:01,1.82,1.17,1.38,1.55,,,auto-fetched
133,final,2026-09-16 02:48:01,100.24,236.61,99.96,129.33,,,auto-fetched
134,final,2026-09-16 02:48:01,0.69,1.57,1.13,1.13,,,auto-fetched
135,final,2026-09-16 02:48:01,0.59,2.12,0.0,1.35,,,auto-fetched
136,pre-apply,2026-09-16 02:48:01,1.15,1.56,1.0,1.14,,,auto-fetched
137,pre-apply,2026-09-16 02:48:01,0.63,1.58,2.03,1.24,,,auto-fetched
138,final,2026-09-16 02:48:01,1.61,5.05,8.29,4.26,,,auto-fetched
139,final,2026-09-16 02:48:01,2.43,1.16,14.98,2.05,,,auto-fetched
140,final,2026-09-16 02:48:01,367.59,606.02,153.01,357.37,,,auto-fetched
141,final,2026-09-16 02:48:01,96.52,175.72,49.16,100.07,,,auto-fetched
142,final,2026-09-16 02:48:01,5.88,12.49,2.24,6.25,,,auto-fetched
143,final,2026-09-16 02:48:01,2.35,0.39,0.0,1.37,,,auto-fetched
144,final,2026-09-16 02:48:01,4.09,7.91,5.95,5.44,,,auto-fetched
145,final,2026-09-16 02:48:01,16.51,41.0,2.92,17.94,,,auto-fetched
146,final,2026-09-16 02:48:01,8.99,25.41,6.57,11.85,,,auto-fetched
147,final,2026-09-16 02:48:01,20.8,24.49,21.05,22.33,,,auto-fetched
148,final,2026-09-16 02:48:01,93.11,202.98,85.24,114.47,,,auto-fetched
149,final,2026-09-16 02:48:01,15.74,37.57,11.32,19.16,,,auto-fetched
150,pre-apply,2026-09-16 02:48:01,2.12,1.52,1.12,1.63,,,auto-fetched
151,final,2026-09-16 02:48:01,1.86,0.23,0.0,1.04,,,auto-fetched
152,final,2026-09-16 02:48:01,133.16,308.23,117.97,166.72,,,auto-fetched
153,final,2026-09-16 02:48:01,2.19,2.08,1.01,1.83,,,auto-fetched
154,final,2026-09-16 02:48:01,16.49,38.88,4.0,17.75,,,auto-fetched
155,final,2026-09-16 02:48:01,1.62,1.98,1.08,1.54,,,auto-fetched
156,final,2026-09-16 02:48:01,3.73,9.3,3.33,5.43,,,auto-fetched
157,final,2026-09-16 02:48:01,54.21,135.37,63.31,74.27,,,auto-fetched
158,final,2026-09-16 02:48:01,1.08,0.42,1.6,1.1,,,auto-fetched
159,final,2026-09-16 02:48:01,2.88,1.24,1.0,2.21,,,auto-fetched
160,final,2026-09-16 02:48:01,2.58,1.08,1.0,1.82,,,auto-fetched
161,final,2026-09-16 02:48:01,14.1,24.67,14.69,16.53,,,auto-fetched
162,final,2026-09-16 02:48:01,96.13,164.59,94.94,110.49,,,auto-fetched
163,final,2026-09-16 02:48:01,0.44,1.92,0.0,1.25,,,auto-fetched
164,final,2026-09-16 02:48:01,137.52,219.02,54.97,131.82,,,auto-fetched
165,final,2026-09-16 02:48:01,101.28,160.95,71.09,105.54,,,auto-fetched
166,final,2026-09-16 02:48:01,0.99,0.91,0.0,0.95,,,auto-fetched
167,final,2026-09-16 02:48:01,1.51,0.91,1.03,1.33,,,auto-fetched
